IDMunicipio,NomeMunicipio,SiglaUF
2119,Abadia de Goi?s,GO
2136,Abadi?nia,GO
749,Abaetetuba,PA
3268,Abaet?,MG
2563,Abaiara,CE
1085,Abar?,BA
379,Abati?,PR
1266,Aba?ra,BA
566,Abelardo Luz,SC
3555,Abre Campo,MG
3027,Abreu e Lima,PE
3509,Acaiaca,MG
1214,Acajutiba,BA
2463,Acarape,CE
2399,Acara?,CE
2639,Acari,RN
754,Acar?,PA
2377,Acau?,PI
1522,Acegu?,RS
2507,Acopiara,CE
2020,Acorizal,MT
655,Acrel?ndia,AC
3785,Adamantina,SP
333,Adrian?polis,PR
1187,Adustina,BA
2891,Afogados da Ingazeira,PE
2622,Afonso Bezerra,RN
31,Afonso Cl?udio,ES
2911,Afr?nio,PE
706,Afu?,PA
2974,Agrestina,PE
431,Agrol?ndia,SC
430,Agron?mica,SC
3729,Aguanil,MG
3856,Agua?,SP
1496,Agudo,RS
3910,Agudos,SP
359,Agudos do Sul,PR
2741,Aguiar,PB
3305,Aimor?s,MG
2501,Aiuaba,CE
3644,Aiuruoca,MG
1498,Ajuricaba,RS
2816,Alagoa Grande,PB
2817,Alagoa Nova,PB
2823,Alagoinha,PB
2353,Alagoinha do Piau?,PI
1215,Alagoinhas,BA
3880,Alambari,SP
2791,Alcantil,PB
1946,Alcin?polis,MS
1387,Alcoba?a,BA
873,Alc?ntara,MA
2422,Alc?ntaras,CE
1020,Aldeias Altas,MA
1500,Alecrim,RS
51,Alegre,ES
1501,Alegrete,RS
2354,Alegrete do Piau?,PI
697,Alenquer,PA
2595,Alexandria,RN
2138,Alex?nia,GO
3645,Alfenas,MG
45,Alfredo Chaves,ES
3214,Alfredo Vasconcelos,MG
590,Alfredo Wagner,SC
2805,Algod?o de Janda?ra,PB
2872,Alhandra,PB
2984,Alian?a,PE
1366,Almadina,BA
703,Almeirim,PA
3685,Almenara,MG
338,Almirante Tamandar?,PR
1574,Almirante Tamandar? do Sul,RS
3306,Alpercata,MG
1502,Alpestre,RS
3519,Alpin?polis,MG
1956,Alta Floresta,MT
630,Alta Floresta D'Oeste,RO
772,Altamira,PA
2551,Altaneira,CE
2975,Altinho,PE
3863,Altin?polis,SP
1503,Alto Alegre,RS
966,Alto Alegre do Maranh?o,MA
945,Alto Alegre do Pindar?,MA
631,Alto Alegre dos Parecis,RO
2044,Alto Araguaia,MT
478,Alto Bela Vista,SC
2581,Alto do Rodrigues,RN
1631,Alto Feliz,RS
3421,Alto Jequitib?,MG
2244,Alto Long?,PI
2018,Alto Paraguai,MT
616,Alto Para?so,RO
2086,Alto Para?so de Goi?s,GO
3217,Alto Rio Doce,MG
11,Alto Rio Novo,ES
2518,Alto Santo,CE
2232,Altos,PI
154,Alt?nia,PR
1454,Alum?nio,SP
3222,Alvarenga,MG
607,Alvorada D'Oeste,RO
3241,Alvorada de Minas,MG
2293,Alvorada do Gurgu?ia,PI
2126,Alvorada do Norte,GO
683,Amajari,RR
1911,Amambai,MS
932,Amap? do Maranh?o,MA
3005,Amaraji,PE
1504,Amaral Ferrador,RS
2077,Amaralina,GO
2263,Amarante,PI
954,Amarante do Maranh?o,MA
1281,Amargosa,BA
1672,Ametista do Sul,RS
2444,Amontada,CE
2787,Amparo,PB
3155,Amparo de S?o Francisco,SE
3543,Amparo do Serra,MG
260,Amp?re,PR
1225,Am?lia Rodrigues,BA
1110,Am?rica Dourada,BA
3114,Anadia,AL
1339,Anag?,BA
903,Anajatuba,MA
707,Anaj?s,PA
715,Ananindeua,PA
811,Anan?s,TO
777,Anapu,PA
1012,Anapurus,MA
1885,Anast?cio,MS
1903,Anauril?ndia,MS
46,Anchieta,ES
1267,Andara?,BA
197,Andir?,PR
1102,Andorinha,BA
3535,Andradas,MG
3933,Andradina,SP
3881,Angatuba,SP
2958,Angelim,PE
384,Angelina,SC
3258,Angel?ndia,MG
1065,Angical,BA
2264,Angical do Piau?,PI
812,Angico,TO
2623,Angicos,RN
121,Angra dos Reis,RJ
1153,Anguera,BA
1923,Ang?lica,MS
2114,Anicuns,GO
449,Anita Garibaldi,SC
664,Anori,AM
1505,Anta Gorda,RS
1188,Antas,BA
354,Antonina,PR
2567,Antonina do Norte,CE
1154,Ant?nio Cardoso,BA
382,Ant?nio Carlos,SC
3702,Ant?nio Dias,MG
1103,Ant?nio Gon?alves,BA
1941,Ant?nio Jo?o,MS
2608,Ant?nio Martins,RN
330,Ant?nio Olinto,PR
1507,Ant?nio Prado,RS
3477,Ant?nio Prado de Minas,MG
2105,An?polis,GO
2313,An?sio de Abreu,PI
2732,Aparecida,PB
79,Aperib?,RJ
60,Apiac?,ES
1958,Apiac?s,MT
3804,Apia?,SP
874,Apicum-A?u,MA
417,Api?na,SC
2573,Apodi,RN
1216,Apor?,BA
2454,Apuiar?s,CE
3140,Aquidab?,SE
1886,Aquidauana,MS
2478,Aquiraz,CE
2514,Aracati,CE
1325,Aracatu,BA
1201,Araci,BA
2464,Aracoiaba,CE
25,Aracruz,ES
2118,Aragoi?nia,GO
870,Araguacema,TO
2055,Araguaiana,MT
871,Araguan?,TO
2066,Araguapaz,GO
3638,Araguari,MG
813,Araguatins,TO
828,Aragua?na,TO
839,Aragua?u,TO
1005,Araioses,MA
1912,Aral Moreira,MS
1217,Aramari,BA
1558,Arambar?,RS
986,Arame,MA
3919,Aramina,SP
3069,Arapiraca,AL
3544,Araponga,MG
177,Arapongas,PR
226,Arapoti,PR
2009,Araputanga,MT
185,Arapu?,PR
424,Araquari,SC
2797,Arara,PB
539,Ararangu?,SC
3869,Araraquara,SP
3771,Araras,SP
2487,Ararend?,CE
904,Arari,MA
2546,Araripe,CE
2878,Araripina,PE
108,Araruama,RJ
168,Araruna,PR
1367,Arataca,BA
1508,Aratiba,RS
2465,Aratuba,CE
1230,Aratu?pe,BA
339,Arauc?ria,PR
3180,Arau?,SE
3626,Arax?,MG
2824,Ara?agi,PB
1426,Ara?ariguama,SP
3903,Ara?atuba,SP
3024,Ara?oiaba,PE
3596,Ara?ua?,MG
3907,Arco-?ris,SP
3269,Arcos,MG
2904,Arcoverde,PE
93,Areal,RJ
3877,Arealva,SP
2819,Areia,PB
2568,Areia Branca,RN
2736,Areia de Bara?nas,PB
2812,Areial,PB
3262,Aricanduva,MG
3512,Arinos,MG
1950,Aripuan?,MT
612,Ariquemes,RO
187,Ariranha do Iva?,PR
395,Armaz?m,SC
2502,Arneiroz,CE
2274,Aroazes,PI
2847,Aroeiras,PB
2344,Aroeiras do Itaim,PI
1510,Arroio do Meio,RS
1745,Arroio do Padre,RS
1513,Arroio do Sal,RS
1514,Arroio do Tigre,RS
1512,Arroio dos Ratos,RS
1516,Arroio Grande,RS
2195,Aruan?,GO
1455,Aruj?,SP
481,Arvoredo,SC
1517,Arvorezinha,RS
2689,Ar?s,RN
2547,Assar?,CE
194,Assa?,PR
234,Assis Chateaubriand,PR
2771,Assun??o,PB
2258,Assun??o do Piau?,PI
3087,Atalaia,AL
586,Atalanta,SC
3597,Atal?ia,MG
1415,Atibaia,SP
61,Atilio Vivacqua,ES
814,Augustin?polis,TO
737,Augusto Corr?a,PA
1519,Augusto Pestana,RS
2576,Augusto Severo,RN
1368,Aurelino Leal,BA
429,Aurora,SC
759,Aurora do Par?,PA
667,Autazes,AM
3815,Avar?,SP
3823,Ava?,SP
2327,Avelino Lopes,PI
890,Axix?,MA
815,Axix? do Tocantins,TO
952,A?ail?ndia,MA
2580,A?u,RN
3304,A?ucena,MG
964,Bacabal,MA
895,Bacabeira,MA
875,Bacuri,MA
877,Bacurituba,MA
3646,Baependi,MG
1524,Bag?,RS
1058,Baian?polis,BA
1143,Baixa Grande,BA
2284,Baixa Grande do Ribeiro,PI
2543,Baixio,CE
12,Baixo Guandu,ES
3578,Baldim,MG
2071,Baliza,GO
425,Balne?rio Barra do Sul,SC
546,Balne?rio Gaivota,SC
531,Balne?rio Pi?arras,SC
407,Balne?rio Rinc?o,SC
340,Balsa Nova,PR
1042,Balsas,MA
3266,Bambu?,MG
2495,Banabui?,CE
1463,Bananal,SP
2820,Bananeiras,PB
3692,Bandeira,MG
503,Bandeirante,SC
198,Bandeirantes,PR
829,Bandeirantes do Tocantins,TO
1189,Banza?,BA
2569,Bara?na,RN
3218,Barbacena,MG
2557,Barbalha,CE
169,Barbosa Ferraz,PR
716,Barcarena,PA
2649,Barcelona,RN
1091,Barra,BA
501,Barra Bonita,SC
2278,Barra D'Alc?ntara,PI
1268,Barra da Estiva,BA
2976,Barra de Guabiraba,PE
2798,Barra de Santa Rosa,PB
2790,Barra de Santana,PB
3102,Barra de Santo Ant?nio,AL
2,Barra de S?o Francisco,ES
2788,Barra de S?o Miguel,PB
2005,Barra do Bugres,MT
3805,Barra do Chap?u,SP
1340,Barra do Cho?a,BA
988,Barra do Corda,MA
2000,Barra do Gar?as,MT
1842,Barra do Guarita,RS
1111,Barra do Mendes,BA
1879,Barra do Quara?,RS
1468,Barra do Ribeiro,RS
1509,Barra do Rio Azul,RS
3902,Barra do Turvo,SP
3177,Barra dos Coqueiros,SE
3545,Barra Longa,MG
113,Barra Mansa,RJ
427,Barra Velha,SC
267,Barrac?o,PR
2202,Barras,PI
2473,Barreira,CE
1059,Barreiras,BA
679,Barreirinha,AM
898,Barreirinhas,MA
3006,Barreiros,PE
3879,Barretos,SP
2555,Barro,CE
1112,Barro Alto,BA
2265,Barro Duro,PI
1211,Barrocas,BA
2400,Barroquinha,CE
1532,Barros Cassal,RS
1526,Bar?o,RS
3888,Bar?o de Antonina,SP
3198,Bar?o de Cocais,MG
1530,Bar?o de Cotegipe,RS
1029,Bar?o de Graja?,MA
2028,Bar?o de Melga?o,MT
3478,Bar?o de Monte Alto,MG
1799,Bar?o do Triunfo,RS
1904,Bataguassu,MS
2203,Batalha,PI
1943,Bataypor?,MS
2466,Baturit?,CE
2851,Ba?a da Trai??o,PB
2476,Beberibe,CE
2401,Bela Cruz,CE
1906,Bela Vista,MS
2120,Bela Vista de Goi?s,GO
3502,Bela Vista de Minas,MG
918,Bela Vista do Maranh?o,MA
2389,Bela Vista do Piau?,PI
572,Bela Vista do Toldo,SC
3403,Belmiro Braga,MG
1341,Belo Campo,BA
2928,Belo Jardim,PE
3052,Belo Monte,AL
3706,Belo Oriente,MG
3507,Belo Vale,MG
702,Belterra,PA
717,Bel?m,PA
3007,Bel?m de Maria,PE
2699,Bel?m do Brejo do Cruz,PB
2372,Bel?m do Piau?,PI
2918,Bel?m do S?o Francisco,PE
2234,Beneditinos,PI
420,Benedito Novo,SC
718,Benevides,PA
663,Benjamin Constant,AM
1483,Benjamin Constant do Sul,RS
2645,Bento Fernandes,RN
1537,Bento Gon?alves,RS
876,Bequim?o,MA
3243,Berilo,MG
3442,Berizal,MG
2717,Bernardino Batista,PB
970,Bernardo do Mearim,MA
833,Bernardo Say?o,TO
2289,Bertol?nia,PI
3612,Bert?polis,MG
3199,Betim,MG
2905,Bet?nia,PE
2379,Bet?nia do Piau?,PI
2929,Bezerros,PE
3219,Bias Fortes,MG
3387,Bicas,MG
381,Bigua?u,SC
1202,Biritinga,BA
323,Bituruna,PR
413,Blumenau,SC
6,Boa Esperan?a,ES
2201,Boa Hora,PI
1342,Boa Nova,BA
2748,Boa Ventura,PB
291,Boa Ventura de S?o Roque,PR
2496,Boa Viagem,CE
684,Boa Vista,RR
241,Boa Vista da Aparecida,PR
1538,Boa Vista do Buric?,RS
1601,Boa Vista do Cadeado,RS
1600,Boa Vista do Incra,RS
1528,Boa Vista do Sul,RS
1144,Boa Vista do Tupim,BA
3115,Boca da Mata,AL
2335,Bocaina,PI
446,Bocaina do Sul,SC
3422,Bocai?va,MG
341,Bocai?va do Sul,PR
2879,Bodoc?,PE
1907,Bodoquena,MS
2633,Bod?,RN
3844,Bofete,SP
3889,Boituva,SP
2959,Bom Conselho,PE
3296,Bom Despacho,MG
98,Bom Jardim,RJ
452,Bom Jardim da Serra,SC
3388,Bom Jardim de Minas,MG
1540,Bom Jesus,RS
1097,Bom Jesus da Lapa,BA
1344,Bom Jesus da Serra,BA
947,Bom Jesus das Selvas,MA
3497,Bom Jesus do Amparo,MG
2046,Bom Jesus do Araguaia,MT
3237,Bom Jesus do Galho,MG
73,Bom Jesus do Itabapoana,RJ
62,Bom Jesus do Norte,ES
268,Bom Jesus do Sul,PR
782,Bom Jesus do Tocantins,PA
1447,Bom Jesus dos Perd?es,SP
965,Bom Lugar,MA
1542,Bom Princ?pio,RS
2219,Bom Princ?pio do Piau?,PI
1567,Bom Progresso,RS
3355,Bom Repouso,MG
454,Bom Retiro,SC
1543,Bom Retiro do Sul,RS
2700,Bom Sucesso,PB
282,Bom Sucesso do Sul,PR
686,Bonfim,RR
2314,Bonfim do Piau?,PI
1269,Boninal,BA
738,Bonito,PA
3380,Bonito de Minas,MG
2711,Bonito de Santa F?,PB
2188,Bon?polis,GO
2789,Boqueir?o,PB
1545,Boqueir?o do Le?o,RS
2248,Boqueir?o do Piau?,PI
3181,Boquim,SE
1255,Boquira,BA
2821,Borborema,PB
1546,Bossoroca,RS
3539,Botelhos,MG
3837,Botucatu,SP
3445,Botumirim,MG
1256,Botupor?,BA
554,Botuver?,SC
1665,Bozano,RS
1547,Braga,RS
242,Braganey,PR
740,Bragan?a,PA
1444,Bragan?a Paulista,SP
3088,Branquinha,AL
774,Brasil Novo,PA
2204,Brasileira,PI
1900,Brasil?ndia,MS
3760,Brasil?ndia de Minas,MG
365,Brasil?ndia do Sul,PR
1951,Brasnorte,MT
2200,Bras?lia,DF
3446,Bras?lia de Minas,MG
3340,Braz?polis,MG
3906,Bra?na,SP
3703,Bra?nas,MG
396,Bra?o do Norte,SC
432,Bra?o do Trombudo,SC
32,Brejetuba,ES
2660,Brejinho,RN
1013,Brejo,MA
2930,Brejo da Madre de Deus,PE
938,Brejo de Areia,MA
2701,Brejo do Cruz,PB
2315,Brejo do Piau?,PI
2703,Brejo dos Santos,PB
3156,Brejo Grande,SE
789,Brejo Grande do Araguaia,PA
2564,Brejo Santo,CE
1066,Brejol?ndia,BA
1282,Brej?es,BA
2960,Brej?o,PE
778,Breu Branco,PA
2067,Brit?nia,GO
1549,Brochier,RS
3931,Brotas,SP
1257,Brotas de Maca?bas,BA
3192,Brumadinho,MG
1326,Brumado,BA
470,Brun?polis,SC
553,Brusque,SC
3675,Br?s Pires,MG
3341,Bueno Brand?o,MG
2985,Buenos Aires,PE
3586,Buen?polis,MG
3232,Bugre,MG
656,Bujari,AC
721,Bujaru,PA
3929,Buri,SP
1014,Buriti,MA
2166,Buriti Alegre,GO
1023,Buriti Bravo,MA
864,Buriti do Tocantins,TO
2220,Buriti dos Lopes,PI
2245,Buriti dos Montes,PI
946,Buriticupu,MA
2127,Buritin?polis,GO
1092,Buritirama,BA
961,Buritirana,MA
642,Buritis,RO
3449,Buritizeiro,MG
1550,Buti?,RS
2924,Bu?que,PE
665,Caapiranga,AM
2873,Caapor?,PB
1913,Caarap?,MS
1345,Caatiba,BA
2794,Cabaceiras,PB
1231,Cabaceiras do Paragua?u,BA
2139,Cabeceiras,GO
2205,Cabeceiras do Piau?,PI
2870,Cabedelo,PB
637,Cabixi,RO
3033,Cabo de Santo Agostinho,PE
109,Cabo Frio,RJ
3536,Cabo Verde,MG
2912,Cabrob?,PE
3779,Cabr?lia Paulista,SP
1551,Cacequi,RS
1232,Cachoeira,BA
2183,Cachoeira Alta,GO
3342,Cachoeira de Minas,MG
3691,Cachoeira de Paje?,MG
710,Cachoeira do Arari,PA
768,Cachoeira do Piri?,PA
1552,Cachoeira do Sul,RS
2712,Cachoeira dos ?ndios,PB
892,Cachoeira Grande,MA
131,Cachoeiras de Macacu,RJ
63,Cachoeiro de Itapemirim,ES
2734,Cacimba de Areia,PB
2807,Cacimba de Dentro,PB
2756,Cacimbas,PB
3059,Cacimbinhas,AL
1485,Cacique Doble,RS
632,Cacoal,RO
3857,Caconde,SP
1308,Cacul?,BA
1338,Caetanos,BA
3587,Caetan?polis,MG
1309,Caetit?,BA
3193,Caet?,MG
2961,Caet?s,PE
1113,Cafarnaum,BA
243,Cafel?ndia,PR
3479,Caiana,MG
2154,Caiap?nia,GO
1556,Caibat?,RS
492,Caibi,SC
2635,Caic?,RN
1359,Cairu,BA
3894,Caiu?,SP
1557,Cai?ara,RS
2621,Cai?ara do Norte,RN
2624,Cai?ara do Rio do Vento,RN
1437,Cajamar,SP
878,Cajapi?,MA
905,Cajari,MA
3813,Cajati,SP
2713,Cajazeiras,PB
2349,Cajazeiras do Piau?,PI
2876,Cajazeirinhas,PB
3089,Cajueiro,AL
2225,Cajueiro da Praia,PI
3546,Cajuri,MG
3911,Cajuru,SP
3540,Caldas,MG
2838,Caldas Brand?o,PB
2167,Caldas Novas,GO
1128,Caldeir?o Grande,BA
2360,Caldeir?o Grande do Piau?,PI
597,Calmon,SC
2892,Calumbi,PE
2962,Cal?ado,PE
1369,Camacan,BA
2776,Camala?,PB
1360,Camamu,BA
3357,Camanducaia,MG
1937,Camapu?,MS
1469,Camaqu?,RS
3028,Camaragibe,PE
1560,Camargo,RS
1249,Cama?ari,BA
369,Cambar?,PR
1561,Cambar? do Sul,RS
526,Cambori?,SC
80,Cambuci,RJ
3647,Cambuquira,MG
3343,Cambu?,MG
178,Camb?,PR
750,Camet?,PA
2402,Camocim,CE
2977,Camocim de S?o F?lix,PE
3648,Campanha,MG
3095,Campestre,AL
1870,Campestre da Serra,RS
1040,Campestre do Maranh?o,MA
163,Campina da Lagoa,PR
1563,Campina das Miss?es,RS
297,Campina do Sim?o,PR
2833,Campina Grande,PB
342,Campina Grande do Sul,PR
3633,Campina Verde,MG
3924,Campinas,SP
2361,Campinas do Piau?,PI
2192,Campina?u,GO
2074,Campinorte,GO
1996,Campin?polis,MT
592,Campo Alegre,SC
2194,Campo Alegre de Goi?s,GO
2383,Campo Alegre do Fidalgo,PI
3447,Campo Azul,MG
3730,Campo Belo,MG
457,Campo Belo do Sul,SC
1565,Campo Bom,RS
244,Campo Bonito,PR
3146,Campo do Brito,SE
360,Campo do Tenente,PR
519,Campo Er?,SC
1104,Campo Formoso,BA
1892,Campo Grande,MS
2370,Campo Grande do Piau?,PI
343,Campo Largo,PR
2217,Campo Largo do Piau?,PI
1453,Campo Limpo Paulista,SP
337,Campo Magro,PR
2250,Campo Maior,PI
170,Campo Mour?o,PR
1566,Campo Novo,RS
609,Campo Novo de Rond?nia,RO
1969,Campo Novo do Parecis,MT
2650,Campo Redondo,RN
2032,Campo Verde,MT
3627,Campos Altos,MG
2087,Campos Belos,GO
1971,Campos de J?lio,MT
1460,Campos do Jord?o,SP
85,Campos dos Goytacazes,RJ
3665,Campos Gerais,MG
847,Campos Lindos,TO
469,Campos Novos,SC
2548,Campos Sales,CE
2986,Camutanga,PE
3746,Cana Verde,MG
2061,Canabrava do Norte,MT
3826,Canan?ia,SP
3035,Canapi,AL
1114,Canarana,BA
2296,Canavieira,PI
1370,Canavieiras,BA
3547,Cana?,MG
788,Cana? dos Caraj?s,PA
1203,Candeal,BA
1250,Candeias,BA
644,Candeias do Jamari,RO
1568,Candel?ria,RS
1525,Candiota,RS
293,Cand?i,PR
1570,Canela,RS
476,Canelinha,SC
2690,Canguaretama,RN
1486,Cangu?u,RS
3157,Canhoba,SE
2963,Canhotinho,PE
2459,Canind?,CE
3127,Canind? de S?o Francisco,SE
570,Canoinhas,SC
1178,Cansan??o,BA
97,Cantagalo,RJ
921,Cantanhede,MA
2316,Canto do Buriti,PI
685,Cant?,RR
1179,Canudos,BA
1696,Canudos do Vale,RS
1072,Can?polis,BA
261,Capanema,PR
3492,Capara?,MG
3090,Capela,AL
1573,Capela de Santana,RS
3896,Capela do Alto,SP
1404,Capela do Alto Alegre,BA
3208,Capela Nova,MG
3244,Capelinha,MG
2877,Capim,PB
3579,Capim Branco,MG
1130,Capim Grosso,BA
467,Capinzal,SC
976,Capinzal do Norte,MA
2467,Capistrano,CE
3521,Capit?lio,MG
1511,Capit?o,RS
3316,Capit?o Andrade,MG
2251,Capit?o de Campos,PI
3450,Capit?o En?as,MG
245,Capit?o Le?nidas Marques,PR
760,Capit?o Po?o,PA
3822,Capivari,SP
391,Capivari de Baixo,SC
1728,Capivari do Sul,RS
657,Capixaba,AC
2931,Capoeiras,PE
3413,Caputira,MG
445,Cap?o Alto,SC
3859,Cap?o Bonito,SP
1693,Cap?o Bonito do Sul,RS
1786,Cap?o do Cip?,RS
1572,Cap?o do Le?o,RS
690,Caracara?,RR
1908,Caracol,MS
1429,Caraguatatuba,SP
231,Carambe?,PR
3209,Carana?ba,MG
3210,Caranda?,MG
3480,Carangola,MG
91,Carapebus,RJ
3226,Caratinga,MG
1388,Caravelas,BA
1575,Carazinho,RS
1474,Cara?,RS
1409,Cara?bas,BA
2221,Cara?bas do Piau?,PI
3245,Carbonita,MG
1222,Cardeal da Silva,BA
3874,Cardoso,SP
668,Careiro,AM
669,Careiro da V?rzea,AM
44,Cariacica,ES
2460,Caridade,CE
2387,Caridade do Piau?,PI
1098,Carinhanha,BA
3135,Carira,SE
2552,Cariria?u,CE
2425,Carir?,CE
2539,Cari?s,CE
1957,Carlinda,MT
1576,Carlos Barbosa,RS
3598,Carlos Chagas,MG
1873,Carlos Gomes,RS
214,Carl?polis,PR
148,Carmo,RJ
3666,Carmo da Cachoeira,MG
3270,Carmo da Mata,MG
3649,Carmo de Minas,MG
3271,Carmo do Cajuru,MG
3522,Carmo do Rio Claro,MG
2094,Carmo do Rio Verde,GO
3171,Carm?polis,SE
3272,Carm?polis de Minas,MG
3752,Carm?sia,MG
2582,Carnaubais,RN
2410,Carnaubal,CE
2919,Carnaubeira da Penha,PE
2893,Carna?ba,PE
2640,Carna?ba dos Dantas,RN
3042,Carneiros,AL
688,Caroebe,RR
1038,Carolina,MA
2987,Carpina,PE
2714,Carrapateira,PB
816,Carrasco Bonito,TO
2932,Caruaru,PE
929,Carutapera,MA
3389,Carvalhos,MG
3710,Casa Grande,MG
1078,Casa Nova,BA
1577,Casca,RS
246,Cascavel,PR
858,Caseara,TO
105,Casimiro de Abreu,RJ
2946,Casinhas,PE
2810,Casserengue,PB
722,Castanhal,PA
1952,Castanheira,MT
634,Castanheiras,RO
64,Castelo,ES
2252,Castelo do Piau?,PI
3852,Castilho,SP
230,Castro,PR
1233,Castro Alves,BA
2181,Catal?o,GO
247,Catanduvas,PR
2503,Catarina,CE
3008,Catende,PE
2704,Catol? do Rocha,PB
1061,Catol?ndia,BA
1226,Catu,BA
3615,Catuji,MG
2442,Catunda,CE
1258,Caturama,BA
2792,Caturit?,PB
3463,Catuti,MG
1578,Catu?pe,RS
2479,Caucaia,CE
2088,Cavalcante,GO
489,Caxambu do Sul,SC
1024,Caxias,MA
1541,Caxias do Sul,RS
2222,Caxing?,PI
532,Ca?ador,SC
1442,Ca?apava,SP
1506,Ca?apava do Sul,RS
1129,Ca?m,BA
2184,Ca?u,GO
2684,Cear?-Mirim,RN
879,Cedral,MA
2534,Cedro,CE
3158,Cedro de S?o Jo?o,SE
602,Celso Ramos,SC
1521,Centen?rio,RS
1115,Central,BA
885,Central do Maranh?o,MA
933,Centro do Guilherme,MA
930,Centro Novo do Maranh?o,MA
638,Cerejeiras,RO
2191,Ceres,GO
3764,Cerqueira C?sar,SP
1743,Cerrito,RS
334,Cerro Azul,PR
1579,Cerro Branco,RS
2628,Cerro Cor?,RN
1580,Cerro Grande,RS
1581,Cerro Grande do Sul,RS
1583,Cerro Largo,RS
458,Cerro Negro,SC
3864,Ces?rio Lange,SP
2161,Cezarina,GO
3404,Chal?,MG
1586,Chapada,RS
3246,Chapada do Norte,MG
2023,Chapada dos Guimar?es,MT
3378,Chapada Ga?cha,MG
1015,Chapadinha,MA
585,Chapad?o do Lageado,SC
1936,Chapad?o do Sul,MS
486,Chapec?,SC
1608,Charqueadas,RS
1833,Charrua,RS
2403,Chaval,CE
3397,Chiador,MG
1587,Chiapetta,RS
283,Chopinzinho,PR
2474,Chorozinho,CE
1086,Chorroch?,BA
2497,Chor?,CE
641,Chupinguaia,RO
1559,Chuvisca,RS
2998,Ch? de Alegria,PE
2999,Ch? Grande,PE
3081,Ch? Preta,AL
2140,Cidade Ocidental,GO
956,Cidel?ndia,MA
1191,Cip?,BA
1589,Cir?aco,RS
3573,Claraval,MG
3451,Claro dos Po??es,MG
308,Clevel?ndia,PR
1981,Cl?udia,MT
3273,Cl?udio,MG
2223,Cocal,PI
2249,Cocal de Telha,PI
411,Cocal do Sul,SC
2224,Cocal dos Alves,PI
2001,Cocalinho,MT
2199,Cocalzinho de Goi?s,GO
1073,Cocos,BA
666,Codaj?s,AM
1018,Cod?,MA
1021,Coelho Neto,MA
3548,Coimbra,MG
3070,Coit? do N?ia,AL
2235,Coivaras,PI
726,Colares,PA
13,Colatina,ES
3819,Colina,SP
1031,Colinas,MA
2089,Colinas do Sul,GO
830,Colinas do Tocantins,TO
834,Colm?ia,TO
1948,Colniza,MT
344,Colombo,PR
1591,Colorado,RS
639,Colorado do Oeste,RO
3307,Coluna,MG
1962,Col?der,MT
3884,Col?mbia,SP
2290,Col?nia do Gurgu?ia,PI
2336,Col?nia do Piau?,PI
3091,Col?nia Leopoldina,AL
147,Comendador Levy Gasparian,RJ
3759,Comercinho,MG
1947,Comodoro,MT
2749,Concei??o,PB
3756,Concei??o da Aparecida,MG
21,Concei??o da Barra,ES
3565,Concei??o da Barra de Minas,MG
3414,Concei??o de Ipanema,MG
89,Concei??o de Macabu,RJ
1234,Concei??o do Almeida,BA
2363,Concei??o do Canind?,PI
33,Concei??o do Castelo,ES
1204,Concei??o do Coit?,BA
1155,Concei??o do Jacu?pe,BA
919,Concei??o do Lago-A?u,MA
3247,Concei??o do Mato Dentro,MG
3274,Concei??o do Par?,MG
3667,Concei??o do Rio Verde,MG
3358,Concei??o dos Ouros,MG
3843,Conchas,SP
409,Conc?rdia,SC
755,Conc?rdia do Par?,PA
2721,Condado,PB
1223,Conde,BA
1327,Conde?ba,BA
1592,Condor,RS
1990,Confresa,MT
2777,Congo,PB
3248,Congonhas do Norte,MG
199,Congonhinhas,PR
2048,Conquista D'Oeste,MT
3711,Conselheiro Lafaiete,MG
3223,Conselheiro Pena,MG
1494,Constantina,RS
345,Contenda,PR
3650,Coqueiral,MG
1720,Coqueiro Baixo,RS
3108,Coqueiro Seco,AL
3453,Cora??o de Jesus,MG
1156,Cora??o de Maria,BA
1328,Cordeiros,BA
3841,Cordeir?polis,SP
485,Cordilheira Alta,SC
3588,Cordisburgo,MG
2418,Corea?,CE
2743,Coremas,PB
1893,Corguinho,MS
1074,Coribe,BA
3589,Corinto,MG
3308,Coroaci,MG
1019,Coroat?,MA
3726,Coromandel,MG
1595,Coronel Bicaco,RS
312,Coronel Domingos Soares,PR
2651,Coronel Ezequiel,RN
3707,Coronel Fabriciano,MG
392,Coronel Freitas,SC
2319,Coronel Jos? Dias,PI
2588,Coronel Jo?o Pessoa,RN
1173,Coronel Jo?o S?,BA
3613,Coronel Murta,MG
3398,Coronel Pacheco,MG
1924,Coronel Sapucaia,MS
284,Coronel Vivida,PR
459,Correia Pinto,SC
2328,Corrente,PI
2964,Correntes,PE
1075,Correntina,BA
3009,Cort?s,PE
2182,Corumba?ba,GO
640,Corumbiara,RO
1938,Corumb?,MS
2141,Corumb? de Goi?s,GO
3116,Coruripe,AL
3865,Cosmorama,SP
3830,Cosm?polis,SP
1942,Costa Rica,MS
1067,Cotegipe,BA
1953,Cotrigua?u,MT
1889,Coxim,MS
2784,Coxixola,PB
2488,Crate?s,CE
2558,Crato,CE
1283,Cravol?ndia,BA
3071,Cra?bas,AL
403,Crici?ma,SC
1597,Crissiumal,RS
3731,Cristais,MG
1598,Cristal,RS
1765,Cristal do Sul,RS
2142,Cristalina,GO
2330,Cristal?ndia do Piau?,PI
3717,Cristiano Otoni,MG
3344,Cristina,MG
2306,Cristino Castro,PI
3182,Cristin?polis,SE
3454,Crist?lia,MG
1068,Crist?polis,BA
1218,Cris?polis,BA
2062,Crix?s,GO
2411,Croat?,CE
2168,Crom?nia,GO
3200,Crucil?ndia,MG
2404,Cruz,CE
1599,Cruz Alta,RS
1235,Cruz das Almas,BA
2861,Cruz do Esp?rito Santo,PB
324,Cruz Machado,PR
1564,Cruzaltense,RS
1461,Cruzeiro,SP
155,Cruzeiro do Oeste,PR
647,Cruzeiro do Sul,AC
2024,Cuiab?,MT
2826,Cuitegi,PB
2800,Cuit?,PB
2857,Cuit? de Mamanguape,PB
615,Cujubim,RO
2952,Cumaru,PE
3141,Cumbe,SE
1457,Cunha,SP
510,Cunha Por?,SC
495,Cunhata?,SC
3748,Cuparaque,MG
2978,Cupira,PE
1079,Cura??,BA
2332,Curimat?,PI
453,Curitibanos,SC
210,Curi?va,PR
2305,Currais,PI
2641,Currais Novos,RN
2856,Curral de Cima,PB
3689,Curral de Dentro,MG
708,Curralinho,PA
2241,Curralinhos,PI
882,Cururupu,MA
696,Curu?,PA
727,Curu??,PA
3590,Curvelo,MG
2030,Curvel?ndia,MT
2906,Cust?dia,PE
2029,C?ceres,MT
1190,C?cero Dantas,BA
182,C?ndido de Abreu,PR
1569,C?ndido God?i,RS
928,C?ndido Mendes,MA
3790,C?ndido Mota,SP
1346,C?ndido Sales,BA
3369,C?nego Marinho,MG
2109,C?rrego do Ouro,GO
3572,C?ssia,MG
254,C?u Azul,PR
2799,Dami?o,PB
3259,Datas,MG
1602,David Canabarro,RS
957,Davin?polis,MA
3345,Delfim Moreira,MG
3523,Delfin?polis,MG
3039,Delmiro Gouveia,AL
2236,Demerval Lob?o,PI
2007,Denise,MT
1925,Deod?polis,MS
2508,Deputado Irapuan Pinheiro,CE
1840,Derrubadas,RS
521,Descanso,SC
2757,Desterro,PB
3712,Desterro de Entre Rios,MG
3220,Desterro do Melo,MG
1603,Dezesseis de Novembro,RS
2750,Diamante,PB
377,Diamante D'Oeste,PR
374,Diamante do Norte,PR
248,Diamante do Sul,PR
3249,Diamantina,MG
1972,Diamantino,MT
854,Dian?polis,TO
1779,Dilermando de Aguiar,RS
507,Dion?sio Cerqueira,SC
2072,Diorama,GO
2320,Dirceu Arcoverde,PI
3165,Divina Pastora,SE
3482,Divino,MG
3309,Divino das Laranjeiras,MG
52,Divino de S?o Louren?o,ES
3867,Divinol?ndia,SP
3310,Divinol?ndia de Minas,MG
3297,Divin?polis,MG
2129,Divin?polis de Goi?s,GO
3690,Divis?polis,MG
1620,Dois Irm?os das Miss?es,RS
1887,Dois Irm?os do Buriti,MS
1605,Dois Lajeados,RS
3043,Dois Riachos,AL
269,Dois Vizinhos,PR
2038,Dom Aquino,MT
1304,Dom Bas?lio,BA
3515,Dom Bosco,MG
783,Dom Eliseu,PA
2337,Dom Expedito Lopes,PI
1606,Dom Feliciano,RS
1236,Dom Macedo Costa,BA
1477,Dom Pedrito,RS
995,Dom Pedro,MA
1848,Dom Pedro de Alc?ntara,RS
3651,Dom Vi?oso,MG
34,Domingos Martins,ES
2255,Domingos Mour?o,PI
443,Dona Emma,SC
1607,Dona Francisca,RS
2808,Dona In?s,PB
3566,Dores de Campos,MG
3311,Dores de Guanh?es,MG
53,Dores do Rio Preto,ES
3682,Dores do Turvo,MG
2913,Dormentes,PE
156,Douradina,PR
1914,Dourados,MS
2589,Doutor Severiano,RN
335,Doutor Ulysses,PR
2155,Doverl?ndia,GO
3786,Dracena,SP
99,Duas Barras,RJ
2828,Duas Estradas,PB
1022,Duque Bacelar,MA
136,Duque de Caxias,RJ
3419,Durand?,MG
1347,D?rio Meira,BA
3,Ecoporanga,ES
1926,Eldorado,MS
787,Eldorado do Caraj?s,PA
1484,Eldorado do Sul,RS
2275,Elesb?o Veloso,PI
2398,Eliseu Martins,PI
3652,El?i Mendes,MG
1157,El?sio Medrado,BA
2744,Emas,PB
1450,Embu-Gua?u,SP
1609,Encantado,RS
2590,Encanto,RN
1352,Encruzilhada,BA
1610,Encruzilhada do Sul,RS
3424,Engenheiro Navarro,MG
123,Engenheiro Paulo de Frontin,RJ
1594,Engenho Velho,RS
3225,Entre Folhas,MG
562,Entre Rios,SC
3713,Entre Rios de Minas,MG
1612,Entre Rios do Sul,RS
1611,Entre-Iju?s,RS
270,En?as Marques,PR
662,Epitaciol?ndia,AC
1613,Erebango,RS
1614,Erechim,RS
2531,Erer?,CE
529,Ermo,SC
1616,Ernestina,RS
1619,Erval Grande,RS
1621,Erval Seco,RS
3676,Erv?lia,MG
3010,Escada,PE
3194,Esmeraldas,MG
3484,Espera Feliz,MG
860,Esperantina,TO
967,Esperantin?polis,MA
2813,Esperan?a,PB
1858,Esperan?a do Sul,RS
304,Espig?o Alto do Igua?u,PR
3425,Espinosa,MG
1623,Espumoso,RS
2691,Esp?rito Santo,RN
3346,Esp?rito Santo do Dourado,MG
3772,Esp?rito Santo do Pinhal,SP
3347,Estiva,MG
1039,Estreito,MA
1626,Estrela,RS
3060,Estrela de Alagoas,AL
3728,Estrela do Sul,MG
1515,Estrela Velha,RS
3188,Est?ncia,SE
1625,Est?ncia Velha,RS
1180,Euclides da Cunha,BA
3788,Euclides da Cunha Paulista,SP
3742,Eugen?polis,MG
1627,Eug?nio de Castro,RS
1389,Eun?polis,BA
3359,Extrema,MG
2688,Extremoz,RN
2880,Exu,PE
2834,Fagundes,PB
2068,Faina,GO
3653,Fama,MG
3485,Faria Lemos,MG
2553,Farias Brito,CE
1475,Farroupilha,RS
2321,Fartura do Piau?,PI
181,Faxinal,PR
1629,Faxinal do Soturno,RS
561,Faxinal dos Guedes,SC
1630,Faxinalzinho,RS
2110,Fazenda Nova,GO
346,Fazenda Rio Grande,PR
1544,Fazenda Vilanova,RS
652,Feij?,AC
1099,Feira da Mata,BA
1158,Feira de Santana,BA
3072,Feira Grande,AL
2953,Feira Nova,PE
1043,Feira Nova do Maranh?o,MA
2574,Felipe Guerra,RN
3693,Felisburgo,MG
3580,Felixl?ndia,MG
1632,Feliz,RS
3123,Feliz Deserto,AL
1986,Feliz Natal,MT
319,Fernandes Pinheiro,PR
987,Fernando Falc?o,MA
1421,Ferraz de Vasconcelos,SP
2988,Ferreiros,PE
3498,Ferros,MG
3481,Fervedouro,MG
211,Figueira,PR
2010,Figueir?polis D'Oeste,MT
831,Filad?lfia,TO
1371,Firmino Alves,BA
2115,Firmin?polis,GO
3092,Flexeiras,AL
271,Flor da Serra do Sul,PR
2894,Flores,PE
1634,Flores da Cunha,RS
2128,Flores de Goi?s,GO
2297,Flores do Piau?,PI
2920,Floresta,PE
1372,Floresta Azul,BA
797,Floresta do Araguaia,PA
2381,Floresta do Piau?,PI
3267,Florestal,MG
2298,Floriano,PI
1644,Floriano Peixoto,RS
380,Florian?polis,SC
2629,Flor?nia,RN
1636,Fontoura Xavier,RS
3527,Formiga,MG
1637,Formigueiro,RS
2143,Formosa,GO
991,Formosa da Serra Negra,MA
235,Formosa do Oeste,PR
1062,Formosa do Rio Preto,BA
2075,Formoso,GO
2426,Forquilha,CE
404,Forquilhinha,SC
1045,Fortaleza dos Nogueiras,MA
1638,Fortaleza dos Valos,RS
2515,Fortim,CE
996,Fortuna,MA
255,Foz do Igua?u,PR
537,Fraiburgo,SC
2276,Francin?polis,PI
157,Francisco Alves,PR
2266,Francisco Ayres,PI
3250,Francisco Badar?,MG
272,Francisco Beltr?o,PR
2596,Francisco Dantas,RN
3456,Francisco Dumont,MG
2375,Francisco Macedo,PI
2355,Francisco Santos,PI
3426,Francisco S?,MG
3619,Francisc?polis,MG
1448,Franco da Rocha,SP
2419,Frecheirinha,CE
1639,Frederico Westphalen,RS
3614,Frei Gaspar,MG
3312,Frei Inoc?ncio,MG
3328,Frei Lagonegro,MG
2769,Frei Martinho,PB
2942,Frei Miguelinho,PE
3136,Frei Paulo,SE
3628,Fronteira,MG
3599,Fronteira dos Vales,MG
2364,Fronteiras,PI
3471,Fruta de Leite,MG
3629,Frutal,MG
2609,Frutuoso Gomes,RN
3581,Funil?ndia,MG
1192,F?tima,BA
1915,F?tima do Sul,MS
2848,Gado Bravo,PB
3313,Galil?ia,MG
2617,Galinhos,RN
3011,Gameleira,PE
2177,Gameleira de Goi?s,GO
3430,Gameleiras,MG
1373,Gandu,BA
2965,Garanhuns,PE
3128,Gararu,SE
1640,Garibaldi,RS
583,Garopaba,SC
803,Garraf?o do Norte,PA
1789,Garruchos,RS
422,Garuva,SC
3905,Gar?a,SP
415,Gaspar,SC
1641,Gaurama,RS
1989,Ga?cha do Norte,MT
2343,Geminiano,PI
325,General Carneiro,PR
1642,General C?mara,RS
3172,General Maynard,SE
2455,General Sampaio,CE
1467,Gentil,RS
1116,Gentio do Ouro,BA
1645,Get?lio Vargas,RS
2307,Gilbu?s,PI
3073,Girau do Ponciano,AL
1646,Giru?,RS
3429,Glaucil?ndia,MG
1649,Glorinha,RS
1087,Gl?ria,BA
2011,Gl?ria D'Oeste,MT
1927,Gl?ria de Dourados,MS
3000,Gl?ria do Goit?,PE
931,Godofredo Viana,MA
2989,Goiana,PE
2692,Goianinha,RN
2096,Goian?sia,GO
784,Goian?sia do Par?,PA
848,Goiatins,TO
2169,Goiatuba,GO
294,Goioxim,PR
2121,Goi?nia,GO
2069,Goi?s,GO
1407,Gongogi,BA
997,Gon?alves Dias,MA
3251,Gouveia,MG
2575,Governador Dix-Sept Rosado,RN
958,Governador Edison Lob?o,MA
998,Governador Eug?nio Barros,MA
623,Governador Jorge Teixeira,RO
14,Governador Lindenberg,ES
1004,Governador Luiz Rocha,MA
1237,Governador Mangabeira,BA
950,Governador Newton Bello,MA
926,Governador Nunes Freire,MA
3331,Governador Valadares,MG
3129,Graccho Cardoso,SE
992,Graja?,MA
1495,Gramado,RS
1714,Gramado dos Loureiros,RS
1533,Gramado Xavier,RS
184,Grandes Rios,PR
2881,Granito,PE
2405,Granja,CE
2554,Granjeiro,CE
402,Gravatal,SC
1651,Gravata?,RS
2933,Gravat?,PE
2427,Gra?a,CE
1000,Gra?a Aranha,MA
2428,Groa?ras,CE
2571,Grossos,RN
3457,Gr?o Mogol,MG
397,Gr?o Par?,SC
552,Guabiruba,SC
2397,Guadalupe,PI
2480,Guai?ba,CE
1329,Guajeru,BA
2618,Guamar?,RN
313,Guamiranga,PR
1310,Guanambi,BA
3314,Guanh?es,MG
3807,Guapiara,SP
138,Guapimirim,RJ
3654,Guap?,MG
2829,Guarabira,PB
3930,Guaraci,SP
522,Guaraciaba,SC
2412,Guaraciaba do Norte,CE
3443,Guaraciama,MG
2468,Guaramiranga,CE
577,Guaramirim,SC
1654,Guarani das Miss?es,RS
2130,Guarani de Goi?s,GO
249,Guarania?u,PR
1963,Guarant? do Norte,MT
3574,Guaran?sia,MG
47,Guarapari,ES
296,Guarapuava,PR
355,Guaraque?aba,PR
1428,Guararema,SP
1390,Guaratinga,BA
1438,Guaratinguet?,SP
356,Guaratuba,PR
3899,Guara?a?,SP
3516,Guarda-Mor,MG
3883,Guare?,SP
2318,Guaribas,PI
2097,Guarinos,GO
512,Guaruj? do Sul,SC
487,Guatamb?,SC
3872,Guatapar?,SP
3754,Guaxup?,MG
1470,Gua?ba,RS
236,Gua?ra,PR
54,Gua?u?,ES
883,Guimar?es,MA
3725,Guimar?nia,MG
2034,Guiratinga,MT
3677,Guiricema,MG
3719,Gurinhat?,MG
2839,Gurinh?m,PB
2795,Gurj?o,PB
1655,Harmonia,RS
3668,Heliodora,MG
1193,Heli?polis,BA
1617,Herval,RS
468,Herval d'Oeste,SC
1777,Herveiras,RS
2122,Hidrol?ndia,GO
3827,Holambra,SP
309,Hon?rio Serpa,PR
2485,Horizonte,CE
1523,Hulha Negra,RS
1656,Humait?,RS
900,Humberto de Campos,MA
2131,Iaciara,GO
3238,Iapu,MG
3923,Iaras,SP
2966,Iati,PE
1145,Ia?u,BA
212,Ibaiti,PR
1657,Ibarama,RS
3082,Ibateguara,AL
55,Ibatiba,ES
2413,Ibiapina,CE
2751,Ibiara,PB
1311,Ibiassuc?,BA
3458,Ibia?,MG
1374,Ibicara?,BA
1270,Ibicoara,BA
2519,Ibicuitinga,CE
2907,Ibimirim,PE
1117,Ibipeba,BA
1259,Ibipitanga,BA
3384,Ibiracatu,MG
3577,Ibiraci,MG
1659,Ibiraiaras,RS
2979,Ibirajuba,PE
1375,Ibirapitanga,BA
1660,Ibirapuit?,RS
1391,Ibirapu?,BA
26,Ibira?u,ES
1662,Ibirub?,RS
1260,Ibitiara,BA
3885,Ibitinga,SP
56,Ibitirama,ES
1118,Ibitit?,BA
3634,Ibi?,MG
3768,Ibi?na,SP
1093,Ibotirama,BA
2516,Icapu?,CE
3376,Icara? de Minas,MG
891,Icatu,MA
1205,Ichu,BA
48,Iconha,ES
2535,Ic?,CE
2661,Ielmo Marinho,RN
3061,Igaci,AL
1312,Igapor?,BA
2742,Igaracy,PB
3776,Igarapava,SP
917,Igarap? do Meio,MA
969,Igarap? Grande,MA
741,Igarap?-A?u,PA
751,Igarap?-Miri,PA
3023,Igarassu,PE
1451,Igarat?,SP
1361,Igrapi?na,BA
3124,Igreja Nova,AL
1663,Igrejinha,RS
111,Iguaba Grande,RJ
3824,Iguape,SP
2895,Iguaracy,PE
3275,Iguatama,MG
1928,Iguatemi,MS
2536,Iguatu,CE
1348,Igua?,BA
1664,Iju?,RS
3159,Ilha das Flores,SE
3025,Ilha de Itamarac?,PE
2228,Ilha Grande,PI
1456,Ilhabela,SP
524,Ilhota,SC
1376,Ilh?us,BA
1666,Il?polis,RS
2758,Imaculada,PB
582,Imaru?,SC
223,Imba?,PR
580,Imbituba,SC
314,Imbituva,PR
589,Imbuia,SC
1882,Imb?,RS
3227,Imb? de Minas,MG
1667,Imigrante,RS
955,Imperatriz,MA
2908,Inaj?,PE
3436,Indaiabira,MG
416,Indaial,SC
1669,Independ?ncia,RS
3908,Indiana,SP
3641,Indian?polis,MG
2162,Indiara,GO
3189,Indiaroba,SE
2896,Ingazeira,PE
2840,Ing?,PB
1588,Inhacor?,RS
1219,Inhambupe,BA
724,Inhangapi,PA
3036,Inhapi,AL
3233,Inhapim,MG
3582,Inha?ma,MG
2277,Inhuma,PI
2106,Inhumas,GO
3591,Inimutaba,MG
1897,Inoc?ncia,MS
298,In?cio Martins,PR
3228,Ipaba,MG
2180,Ipameri,GO
3240,Ipanema,MG
2584,Ipangua?u,RN
2489,Ipaporanga,CE
1159,Ipecaet?,BA
3922,Iper?,SP
1377,Ipia?,BA
593,Ipira,SC
316,Ipiranga,PR
2095,Ipiranga de Goi?s,GO
2338,Ipiranga do Piau?,PI
1160,Ipir?,BA
761,Ipixuna do Par?,PA
3034,Ipojuca,PE
3897,Iporanga,SP
2111,Ipor?,GO
514,Ipor? do Oeste,SC
2436,Ipu,CE
559,Ipua?u,SC
2882,Ipubi,PE
2437,Ipueiras,CE
479,Ipumirim,SC
1261,Ipupiara,BA
1670,Ip?,RS
691,Iracema,RR
509,Iraceminha,SC
1284,Irajuba,BA
1285,Iramaia,BA
670,Iranduba,AM
1119,Iraquara,BA
1161,Irar?,BA
315,Irati,PR
2429,Irau?uba,CE
1671,Ira?,RS
3722,Ira? de Minas,MG
1120,Irec?,BA
171,Iretama,PR
575,Irine?polis,SC
762,Irituia,PA
57,Irupi,ES
2365,Isa?as Coelho,PI
1883,Itaara,RS
2842,Itabaiana,PB
3183,Itabaianinha,SE
1408,Itabela,BA
2107,Itabera?,GO
3767,Itaber?,SP
3130,Itabi,SE
3499,Itabira,MG
3315,Itabirinha,MG
3510,Itabirito,MG
139,Itabora?,RJ
1378,Itabuna,BA
849,Itacaj?,TO
3428,Itacambira,MG
3367,Itacarambi,MG
676,Itacoatiara,AM
2921,Itacuruba,PE
1673,Itacurubi,RS
1271,Itaet?,BA
1286,Itagi,BA
1379,Itagib?,BA
3276,Itaguara,MG
817,Itaguatins,TO
133,Itagua?,RJ
38,Itagua?u,ES
1094,Itagua?u da Bahia,BA
2366,Itain?polis,PI
990,Itaipava do Graja?,MA
256,Itaipul?ndia,PR
3616,Itaip?,MG
2481,Itaitinga,CE
770,Itaituba,PA
2517,Itai?aba,CE
462,Itai?polis,SC
523,Itaja?,SC
3348,Itajub?,MG
2185,Itaj?,GO
74,Italva,RJ
1392,Itamaraju,BA
3261,Itamarandiba,MG
3493,Itamarati de Minas,MG
1380,Itamari,BA
3617,Itambacuri,MG
200,Itambarac?,PR
1402,Itamb?,BA
3503,Itamb? do Mato Dentro,MG
3669,Itamonte,MG
1227,Itanagra,BA
3655,Itanhandu,MG
1979,Itanhang?,MT
3817,Itanha?m,SP
1393,Itanh?m,BA
3600,Itaobim,MG
82,Itaocara,RJ
2098,Itapaci,GO
3630,Itapagipe,MG
2450,Itapaj?,CE
3758,Itapecerica,MG
922,Itapecuru Mirim,MA
285,Itapejara d'Oeste,PR
528,Itapema,SC
71,Itapemirim,ES
75,Itaperuna,RJ
347,Itaperu?u,PR
2897,Itapetim,PE
3766,Itapetininga,SP
3360,Itapeva,MG
1194,Itapicuru,BA
2445,Itapipoca,CE
3873,Itapira,SP
504,Itapiranga,SC
2070,Itapirapu?,GO
3868,Itapirapu? Paulista,SP
850,Itapiratins,TO
3026,Itapissuma,PE
1381,Itapitanga,BA
2469,Itapi?na,CE
2752,Itaporanga,PB
3190,Itaporanga d'Ajuda,SE
2852,Itapororoca,PB
1916,Itapor?,MS
423,Itapo?,SC
1518,Itapuca,RS
2099,Itapuranga,GO
610,Itapu? do Oeste,RO
1287,Itaquara,BA
1674,Itaqui,RS
1929,Itaquira?,MS
39,Itarana,ES
1353,Itarantim,BA
3812,Itarar?,SP
2406,Itarema,CE
3825,Itariri,SP
2186,Itarum?,GO
1844,Itati,RS
114,Itatiaia,RJ
3298,Itatiaiu?u,MG
1431,Itatiba,SP
1676,Itatiba do Sul,RS
1162,Itatim,BA
3838,Itatinga,SP
2461,Itatira,CE
2843,Itatuba,PB
807,Itaubal,AP
2299,Itaueira,PI
2196,Itau?u,GO
2597,Ita?,RN
1982,Ita?ba,MT
3806,Ita?ca,SP
3299,Ita?na,MG
3601,Itinga,MG
953,Itinga do Maranh?o,MA
2039,Itiquira,MT
1288,Itiru?u,BA
1105,Iti?ba,BA
1354,Itoror?,BA
1419,Itu,SP
1330,Itua?u,BA
1362,Ituber?,BA
3317,Itueta,MG
3720,Ituiutaba,MG
2170,Itumbiara,GO
3561,Itumirim,MG
1430,Itupeva,SP
779,Itupiranga,PA
584,Ituporanga,SC
3744,Iturama,MG
483,It?,SC
1313,Iui?,BA
186,Ivaipor?,PR
317,Iva?,PR
1930,Ivinhema,MS
2112,Ivol?ndia,GO
1677,Ivor?,RS
1680,Ivoti,RS
406,I?ara,SC
58,I?na,ES
3029,Jaboat?o dos Guararapes,PE
1403,Jaborandi,BA
1681,Jaboticaba,RS
3808,Jaboticabal,SP
3195,Jaboticatubas,MG
1314,Jacaraci,BA
2853,Jacara?,PB
206,Jacarezinho,PR
1417,Jacare?,SP
3053,Jacar? dos Homens,AL
2040,Jaciara,MT
3686,Jacinto,MG
541,Jacinto Machado,SC
1131,Jacobina,BA
2368,Jacobina do Piau?,PI
1624,Jacuizinho,RS
773,Jacund?,PA
3932,Jacupiranga,SP
1683,Jacutinga,RS
3093,Jacu?pe,AL
1289,Jaguaquara,BA
1106,Jaguarari,BA
3708,Jaguara?u,MG
2528,Jaguaretama,CE
1686,Jaguari,RS
227,Jaguaria?va,PR
2529,Jaguaribara,CE
2530,Jaguaribe,CE
1238,Jaguaripe,BA
3820,Jaguari?na,SP
2520,Jaguaruana,CE
400,Jaguaruna,SC
22,Jaguar?,ES
1685,Jaguar?o,RS
2369,Jaic?s,PI
3934,Jales,SP
3459,Jana?ba,MG
1224,Janda?ra,BA
2698,Jandu?s,RN
2021,Jangada,MT
164,Jani?polis,PR
3366,Janu?ria,MG
2662,Janu?rio Cicco,RN
3104,Japaratinga,AL
3168,Japaratuba,SE
3277,Japara?ba,MG
142,Japeri,RJ
376,Japira,PR
3169,Japoat?,SE
3448,Japonvar,MG
1931,Japor?,MS
3013,Jaqueira,PE
1687,Jaquirana,RS
1894,Jaraguari,MS
2108,Jaragu?,GO
576,Jaragu? do Sul,SC
3054,Jaramataia,AL
1909,Jardim,MS
188,Jardim Alegre,PR
2625,Jardim de Angicos,RN
2636,Jardim de Piranhas,RN
2267,Jardim do Mulato,PI
2642,Jardim do Serid?,RN
1863,Jari,RS
1435,Jarinu,SP
617,Jaru,RO
2156,Jata?,GO
2934,Jata?ba,PE
1932,Jate?,MS
2565,Jati,CE
1030,Jatob?,MA
2246,Jatob? do Piau?,PI
2012,Jauru,MT
3780,Ja?,SP
842,Ja? do Tocantins,TO
2652,Ja?an?,RN
3372,Ja?ba,MG
3714,Jeceaba,MG
3260,Jenipapo de Minas,MG
989,Jenipapo dos Vieiras,MA
3549,Jequeri,MG
3583,Jequitib?,MG
3687,Jequitinhonha,MG
1290,Jequi?,BA
3118,Jequi? da Praia,AL
1174,Jeremoabo,BA
2706,Jeric?,PB
2300,Jerumenha,PI
65,Jer?nimo Monteiro,ES
3670,Jesu?nia,MG
618,Ji-Paran?,RO
2407,Jijoca de Jericoacoara,CE
1291,Jiquiri??,BA
3704,Joan?sia,MG
3094,Joaquim Gomes,AL
3012,Joaquim Nabuco,PE
2209,Joaquim Pires,PI
215,Joaquim T?vora,PR
465,Joa?aba,SC
3695,Joa?ma,MG
2719,Joca Claudino,PB
2210,Joca Marques,PI
421,Joinville,SC
3696,Jord?nia,MG
3740,Josen?polis,MG
433,Jos? Boiteux,SC
3926,Jos? Bonif?cio,SP
2598,Jos? da Penha,RN
2237,Jos? de Freitas,PI
3242,Jos? Gon?alves de Minas,MG
3324,Jos? Raydan,MG
2954,Jo?o Alfredo,PE
2385,Jo?o Costa,PI
2646,Jo?o C?mara,RN
2610,Jo?o Dias,RN
1121,Jo?o Dourado,BA
959,Jo?o Lisboa,MA
27,Jo?o Neiva,ES
3513,Jo?o Pinheiro,MG
1973,Juara,MT
2844,Juarez T?vora,PB
2770,Juazeirinho,PB
1080,Juazeiro,BA
2559,Juazeiro do Norte,CE
2253,Juazeiro do Piau?,PI
2967,Jucati,PE
2585,Jucurutu,RN
2540,Juc?s,CE
3399,Juiz de Fora,MG
934,Junco do Maranh?o,MA
2765,Junco do Serid?,PB
1425,Jundia?,SP
207,Jundia? do Sul,PR
2675,Jundi?,RN
3119,Junqueiro,AL
2968,Jupi,PE
1458,Juquitiba,SP
3803,Juqui?,SP
3460,Juramento,MG
165,Juranda,PR
2312,Jurema,PI
2862,Juripiranga,PB
2759,Juru,PB
3753,Juruaia,MG
1955,Juruena,MT
693,Juruti,PA
2041,Juscimeira,MT
1122,Jussara,BA
1272,Jussiape,BA
1945,Juti,MS
3381,Juven?lia,MG
1954,Ju?na,MT
1688,J?ia,RS
2331,J?lio Borges,PI
1690,J?lio de Castilhos,RS
368,Kalor?,PR
3618,Ladainha,MG
1292,Lafaiete Coutinho,BA
3528,Lagamar,MG
3153,Lagarto,SE
444,Lages,SC
940,Lago da Pedra,MA
972,Lago do Junco,MA
971,Lago dos Rodrigues,MA
973,Lago Verde,MA
2707,Lagoa,PB
2239,Lagoa Alegre,PI
1829,Lagoa Bonita do Sul,RS
2663,Lagoa d'Anta,RN
3074,Lagoa da Canoa,AL
2830,Lagoa de Dentro,PB
2991,Lagoa de Itaenga,PE
2664,Lagoa de Pedras,RN
2216,Lagoa de S?o Francisco,PI
2653,Lagoa de Velhos,RN
2990,Lagoa do Carro,PE
1027,Lagoa do Mato,MA
2969,Lagoa do Ouro,PE
2233,Lagoa do Piau?,PI
2281,Lagoa do S?tio,PI
2980,Lagoa dos Gatos,PE
3755,Lagoa dos Patos,MG
1712,Lagoa dos Tr?s Cantos,RS
3562,Lagoa Dourada,MG
2917,Lagoa Grande,PE
1057,Lagoa Grande do Maranh?o,MA
2631,Lagoa Nova,RN
1315,Lagoa Real,BA
2665,Lagoa Salgada,RN
2835,Lagoa Seca,PB
1692,Lagoa Vermelha,RS
2261,Lagoinha do Piau?,PI
1694,Lago?o,RS
473,Laguna,SC
1917,Laguna Carap?,MS
1293,Laje,BA
845,Lajeado,TO
1729,Lajeado do Bugre,RS
963,Lajeado Novo,MA
1146,Lajedinho,BA
2970,Lajedo,PE
1294,Lajedo do Tabocal,BA
2626,Lajes,RN
2654,Lajes Pintadas,RN
3405,Lajinha,MG
1410,Lamar?o,BA
3656,Lambari,MG
2013,Lambari D'Oeste,MT
2291,Landri Sales,PI
336,Lapa,PR
1123,Lap?o,BA
36,Laranja da Terra,ES
288,Laranjal,PR
3839,Laranjal Paulista,SP
3173,Laranjeiras,SE
299,Laranjeiras do Sul,PR
3461,Lassance,MG
2723,Lastro,PB
412,Lauro Muller,SC
3732,Lavras,MG
2544,Lavras da Mangabeira,CE
3278,Leandro Ferreira,MG
538,Lebon R?gis,SC
3810,Leme,SP
3253,Leme do Prado,MG
1273,Len??is,BA
588,Leoberto Leal,SC
3486,Leopoldina,MG
2123,Leopoldo de Bulh?es,GO
201,Le?polis,PR
1698,Liberato Salzano,RS
1316,Lic?nio de Almeida,BA
189,Lidian?polis,PR
974,Lima Campos,MA
3390,Lima Duarte,MG
3853,Limeira,SP
3635,Limeira do Oeste,MG
2955,Limoeiro,PE
3075,Limoeiro de Anadia,AL
752,Limoeiro do Ajuru,PA
2521,Limoeiro do Norte,CE
250,Lindoeste,PR
1679,Lindolfo Collor,RS
475,Lind?ia do Sul,SC
28,Linhares,ES
3916,Lins,SP
1305,Livramento de Nossa Senhora,BA
2825,Logradouro,PB
180,Londrina,PR
3474,Lontra,MG
438,Lontras,SC
1459,Lorena,SP
3847,Louveira,SP
1975,Lucas do Rio Verde,MT
2871,Lucena,PB
1991,Luciara,MT
2611,Lucr?cia,RN
3416,Luisburgo,MG
3751,Luisl?ndia,MG
530,Luiz Alves,SC
172,Luiziana,PR
190,Lunardelli,PR
3279,Luz,MG
2211,Luzil?ndia,PI
827,Luzin?polis,TO
2144,Luzi?nia,GO
2226,Lu?s Correia,PI
1060,Lu?s Eduardo Magalh?es,BA
2592,Lu?s Gomes,RN
1147,Macajuba,BA
3147,Macambira,SE
2992,Macaparana,PE
808,Macap?,AP
1355,Macarani,BA
2619,Macau,RN
90,Maca?,RJ
2685,Maca?ba,RN
1262,Maca?bas,BA
3109,Macei?,AL
1699,Machadinho,RS
614,Machadinho D'Oeste,RO
3643,Machado,MG
2956,Machados,PE
533,Macieira,SC
1088,Macurur?,BA
2498,Madalena,CE
2212,Madeiro,PI
3211,Madre de Deus de Minas,MG
1331,Maetinga,BA
460,Mafra,SC
729,Magalh?es Barata,PA
1007,Magalh?es de Almeida,MA
137,Mag?,RJ
1356,Maiquinique,BA
1148,Mairi,BA
1443,Mairinque,SP
1424,Mairipor?,SP
557,Major Gercino,SC
3055,Major Isidoro,AL
2591,Major Sales,RN
573,Major Vieira,SC
3602,Malacacheta,MG
1317,Malhada,BA
1332,Malhada de Pedras,BA
3142,Malhada dos Bois,SE
3148,Malhador,SE
2724,Malta,PB
2855,Mamanguape,PB
2132,Mamba?,GO
3455,Mamonas,MG
1850,Mampituba,RS
671,Manacapuru,AM
672,Manaquiri,AM
2909,Manari,PE
673,Manaus,AM
2760,Mana?ra,PB
174,Mandagua?u,PR
348,Mandirituba,PR
3882,Manduri,SP
277,Manfrin?polis,PR
3371,Manga,MG
135,Mangaratiba,RJ
310,Mangueirinha,PR
3415,Manhua?u,MG
3417,Manhumirim,MG
2292,Manoel Em?dio,PI
191,Manoel Ribas,PR
1795,Manoel Viana,RS
1349,Manoel Vitorino,BA
1069,Mansid?o,BA
3319,Mantena,MG
4,Manten?polis,ES
1473,Maquin?,RS
3063,Mar Vermelho,AL
2076,Mara Rosa,GO
790,Marab?,PA
3833,Marab? Paulista,SP
1918,Maracaju,MS
540,Maracaj?,SC
2482,Maracana?,CE
730,Maracan?,PA
1050,Maraca?um?,MA
1295,Marac?s,BA
3105,Maragogi,AL
1239,Maragogipe,BA
3014,Maraial,PE
2483,Maranguape,CE
927,Maranh?ozinho,MA
731,Marapanim,PA
70,Marata?zes,ES
1548,Marat?,RS
1700,Marau,RS
3044,Maravilha,AL
3280,Maravilhas,MG
1363,Mara?,BA
2859,Marca??o,PB
1702,Marcelino Ramos,RS
2599,Marcelino Vieira,RN
2045,Marcel?ndia,MT
1296,Marcion?lio Souza,BA
2408,Marco,CE
2392,Marcol?ndia,PI
2294,Marcos Parente,PI
237,Marechal C?ndido Rondon,PR
3110,Marechal Deodoro,AL
35,Marechal Floriano,ES
649,Marechal Thaumaturgo,AC
2863,Mari,PB
3361,Maria da F?,MG
371,Marialva,PR
3508,Mariana,MG
1531,Mariana Pimentel,RS
1703,Mariano Moro,RS
835,Marian?polis do Tocantins,TO
3062,Maribondo,AL
143,Maric?,RJ
158,Mariluz,PR
16,Maril?ndia,ES
175,Maring?,PR
719,Marituba,PA
2731,Mariz?polis,PB
3709,Marli?ria,MG
273,Marmeleiro,PR
3362,Marmel?polis,MG
1697,Marques de Souza,RS
295,Marquinho,PR
3281,Martinho Campos,MG
2612,Martins,RN
3418,Martins Soares,MG
2409,Martin?pole,CE
3174,Maruim,SE
3793,Mar?lia,SP
2423,Massap?,CE
2371,Massap? do Piau?,PI
565,Massaranduba,SC
1704,Mata,RS
3037,Mata Grande,AL
1016,Mata Roma,MA
2858,Mataraca,PB
257,Matel?ndia,PR
3332,Materl?ndia,MG
3282,Mateus Leme,MG
3374,Matias Cardoso,MG
1318,Matina,BA
906,Matinha,MA
2818,Matinhas,PB
3420,Matip?,MG
1466,Mato Castelhano,RS
2705,Mato Grosso,PB
1871,Mato Leit?o,RS
1555,Mato Queimado,RS
367,Mato Rico,PR
3462,Mato Verde,MG
594,Matos Costa,SC
3096,Matriz de Camaragibe,AL
1965,Matup?,MT
2764,Matur?ia,PB
1026,Mat?es,MA
920,Mat?es do Norte,MA
818,Mauril?ndia do Tocantins,TO
2556,Mauriti,CE
366,Mau? da Serra,PR
2677,Maxaranguape,RN
1705,Maximiliano de Almeida,RS
810,Mazag?o,AP
1675,Ma?ambar?,RS
3283,Medeiros,MG
1394,Medeiros Neto,BA
775,Medicil?ndia,PA
3688,Medina,MG
548,Meleiro,SC
3322,Mendes Pimentel,MG
3212,Merc?s,MG
2424,Meruoca,CE
3705,Mesquita,MG
3097,Messias,AL
2578,Messias Targino,RN
2213,Miguel Alves,PI
1132,Miguel Calmon,BA
124,Miguel Pereira,RJ
3777,Miguel?polis,SP
1297,Milagres,BA
1009,Milagres do Maranh?o,MA
2254,Milton Brand?o,PI
2146,Mimoso de Goi?s,GO
66,Mimoso do Sul,ES
3064,Minador do Negr?o,AL
3252,Minas Novas,MG
2078,Mina?u,GO
2157,Mineiros,GO
3464,Mirabela,MG
3828,Miracatu,SP
83,Miracema,RJ
836,Miracema do Tocantins,TO
149,Mirador,PR
3487,Miradouro,MG
1706,Miragua?,RS
1888,Miranda,MS
1052,Miranda do Norte,MA
2885,Mirandiba,PE
3850,Mirand?polis,SP
1133,Mirangaba,BA
1343,Mirante,BA
624,Mirante da Serra,RO
3789,Mirante do Paranapanema,SP
3781,Mirassol,SP
2014,Mirassol d'Oeste,MT
3373,Mirav?nia,MG
3494,Mira?,MG
2430,Mira?ma,CE
436,Mirim Doce,SC
884,Mirinzal,MA
258,Missal,PR
2560,Miss?o Velha,CE
753,Mocajuba,PA
3836,Mococa,SP
604,Modelo,SC
3284,Moema,MG
2845,Mogeiro,PB
1412,Mogi das Cruzes,SP
3773,Mogi Gua?u,SP
2113,Moipor?,GO
3149,Moita Bonita,SE
756,Moju,PA
701,Moju? dos Campos,PA
2509,Momba?a,CE
513,Monda?,SC
3921,Mongagu?,SP
2240,Monsenhor Gil,PI
2356,Monsenhor Hip?lito,PI
3738,Monsenhor Paulo,MG
2490,Monsenhor Tabosa,CE
2814,Montadas,PB
3375,Montalv?nia,MG
18,Montanha,ES
2693,Montanhas,RN
698,Monte Alegre,PA
2090,Monte Alegre de Goi?s,GO
3639,Monte Alegre de Minas,MG
3131,Monte Alegre de Sergipe,SE
2308,Monte Alegre do Piau?,PI
3848,Monte Alegre do Sul,SP
1868,Monte Alegre dos Campos,RS
3800,Monte Apraz?vel,SP
3431,Monte Azul,MG
1536,Monte Belo do Sul,RS
472,Monte Carlo,SC
3727,Monte Carmelo,MG
464,Monte Castelo,SC
2655,Monte das Gameleiras,RN
867,Monte do Carmo,TO
3694,Monte Formoso,MG
2715,Monte Horebe,PB
3834,Monte Mor,SP
1181,Monte Santo,BA
3349,Monte Si?o,MG
2778,Monteiro,PB
1445,Monteiro Lobato,SP
3056,Monteir?polis,AL
1707,Montenegro,RS
1049,Montes Altos,MA
3432,Montes Claros,MG
2073,Montes Claros de Goi?s,GO
3749,Montezuma,MG
2158,Montividiu,GO
2079,Montividiu do Norte,GO
907,Mon??o,MA
2522,Morada Nova,CE
3285,Morada Nova de Minas,MG
2420,Mora?jo,CE
2884,Moreil?ndia,PE
166,Moreira Sales,PR
3030,Moreno,PE
1831,Morma?o,RS
1095,Morpar?,BA
357,Morretes,PR
2171,Morrinhos,GO
1846,Morrinhos do Sul,RS
2326,Morro Cabe?a no Tempo,PI
3592,Morro da Gar?a,MG
1134,Morro do Chap?u,BA
2206,Morro do Chap?u do Piau?,PI
3750,Morro do Pilar,MG
547,Morro Grande,SC
1710,Morro Redondo,RS
1604,Morro Reuter,RS
893,Morros,MA
1319,Mortugaba,BA
2572,Mossor?,RN
2116,Moss?medes,GO
1711,Mostardas,RS
711,Muan?,PA
2431,Mucambo,CE
1274,Mucug?,BA
1395,Mucuri,BA
19,Mucurici,ES
1869,Muitos Cap?es,RS
1590,Muliterno,RS
2470,Mulungu,CE
1124,Mulungu do Morro,BA
1149,Mundo Novo,BA
3363,Munhoz,MG
59,Muniz Freire,ES
67,Muqui,ES
1096,Muqu?m de S?o Francisco,BA
3488,Muria?,MG
3143,Muribeca,SE
3098,Murici,AL
2208,Murici dos Portelas,PI
872,Muricil?ndia,TO
1240,Muritiba,BA
3408,Mutum,MG
2080,Mutun?polis,GO
1298,Mutu?pe,BA
3537,Muzambinho,MG
2735,M?e d'?gua,PB
763,M?e do Rio,PA
648,M?ncio Lima,AC
3201,M?rio Campos,MG
3747,Nacip Raydan,MG
3620,Nanuque,MG
76,Natividade,RJ
1432,Natividade da Serra,SP
2849,Natuba,PB
3364,Nat?rcia,MG
525,Navegantes,SC
1933,Navira?,MS
2725,Nazarezinho,PB
1241,Nazar?,BA
2993,Nazar? da Mata,PE
2301,Nazar? do Piau?,PI
1427,Nazar? Paulista,SP
2242,Naz?ria,PI
3657,Nepomuceno,MG
3160,Ne?polis,SE
680,Nhamund?,AM
1701,Nicolau Vergueiro,RS
3440,Ninheira,MG
1910,Nioaque,MS
2081,Niquel?ndia,GO
1976,Nobres,MT
1716,Nonoai,RS
1182,Nordestina,BA
3137,Nossa Senhora Aparecida,SE
3132,Nossa Senhora da Gl?ria,SE
3144,Nossa Senhora das Dores,SE
3161,Nossa Senhora de Lourdes,SE
2247,Nossa Senhora de Nazar?,PI
2026,Nossa Senhora do Livramento,MT
3178,Nossa Senhora do Socorro,SE
2214,Nossa Senhora dos Rem?dios,PI
1717,Nova Alvorada,RS
1919,Nova Alvorada do Sul,MS
2100,Nova Am?rica,GO
1905,Nova Andradina,MS
1959,Nova Bandeirantes,MT
1719,Nova Bassano,RS
3321,Nova Bel?m,MG
1987,Nova Brasil?ndia,MT
627,Nova Brasil?ndia D'Oeste,RO
3862,Nova Campina,SP
1350,Nova Cana?,BA
1966,Nova Cana? do Norte,MT
1596,Nova Candel?ria,RS
1046,Nova Colinas,MA
2063,Nova Crix?s,GO
2666,Nova Cruz,RN
3504,Nova Era,MG
800,Nova Esperan?a do Piri?,PA
274,Nova Esperan?a do Sudoeste,PR
2802,Nova Floresta,PB
100,Nova Friburgo,RJ
202,Nova F?tima,PR
2101,Nova Gl?ria,GO
1968,Nova Guarita,MT
1721,Nova Hartz,RS
1382,Nova Ibi?,BA
141,Nova Igua?u,RJ
780,Nova Ipixuna,PA
488,Nova Itaberaba,SC
1299,Nova Itarana,BA
2002,Nova Lacerda,MT
301,Nova Laranjeiras,PR
2060,Nova Maring?,MT
1961,Nova Monte Verde,MT
1977,Nova Mutum,MT
3621,Nova M?dica,MG
861,Nova Olinda,TO
949,Nova Olinda do Maranh?o,MA
677,Nova Olinda do Norte,AM
2057,Nova Ol?mpia,MT
1722,Nova Palma,RS
2772,Nova Palmeira,PB
1723,Nova Petr?polis,RS
3642,Nova Ponte,MG
3433,Nova Porteirinha,MG
1724,Nova Prata,RS
275,Nova Prata do Igua?u,PR
1497,Nova Ramada,RS
1275,Nova Reden??o,BA
3541,Nova Resende,MG
2091,Nova Roma,GO
1725,Nova Roma do Sul,RS
2491,Nova Russas,CE
1983,Nova Santa Helena,MT
1571,Nova Santa Rita,RS
3286,Nova Serrana,MG
1195,Nova Soure,BA
192,Nova Tebas,PR
742,Nova Timboteua,PA
558,Nova Trento,SC
1985,Nova Ubirat?,MT
621,Nova Uni?o,RO
408,Nova Veneza,SC
7,Nova Ven?cia,ES
1396,Nova Vi?osa,BA
1997,Nova Xavantina,MT
866,Novo Acordo,TO
1734,Novo Barreiro,RS
1553,Novo Cabrais,RS
3604,Novo Cruzeiro,MG
2145,Novo Gama,GO
1726,Novo Hamburgo,RS
1263,Novo Horizonte,BA
633,Novo Horizonte do Oeste,RO
3099,Novo Lino,AL
1861,Novo Machado,RS
1964,Novo Mundo,MT
2492,Novo Oriente,CE
3625,Novo Oriente de Minas,MG
2279,Novo Oriente do Piau?,PI
2064,Novo Planalto,GO
769,Novo Progresso,PA
781,Novo Repartimento,PA
2054,Novo Santo Ant?nio,MT
1998,Novo S?o Joaquim,MT
1489,Novo Tiradentes,RS
1196,Novo Triunfo,BA
1593,Novo Xingu,RS
3439,Novorizonte,MG
1713,N?o-Me-Toque,RS
2686,N?sia Floresta,RN
2475,Ocara,CE
2339,Oeiras,PI
3391,Olaria,MG
2745,Olho d'?gua,PB
977,Olho d'?gua das Cunh?s,MA
3057,Olho d'?gua das Flores,AL
3040,Olho d'?gua do Casado,AL
2262,Olho D'?gua do Piau?,PI
3078,Olho d'?gua Grande,AL
2614,Olho-d'?gua do Borges,RN
3444,Olhos-d'?gua,MG
3031,Olinda,PE
915,Olinda Nova do Maranh?o,MA
1197,Olindina,BA
2803,Olivedos,PB
3733,Oliveira,MG
1264,Oliveira dos Brejinhos,BA
3058,Oliven?a,AL
3287,On?a de Pitangui,MG
695,Oriximin?,PA
2174,Orizona,GO
3483,Oriz?nia,MG
393,Orleans,SC
2957,Orob?,PE
2914,Oroc?,PE
221,Ortigueira,PR
2537,Or?s,CE
3925,Osvaldo Cruz,SP
1472,Os?rio,RS
447,Otac?lio Costa,SC
2883,Ouricuri,PE
802,Ouril?ndia do Norte,PA
3794,Ourinhos,SP
1163,Ouri?angas,BA
474,Ouro,SC
3045,Ouro Branco,AL
3350,Ouro Fino,MG
3511,Ouro Preto,MG
620,Ouro Preto do Oeste,RO
2779,Ouro Velho,PB
3622,Ouro Verde de Minas,MG
3886,Ouroeste,SP
1135,Ourol?ndia,BA
764,Our?m,PA
3918,Pacaembu,SP
2486,Pacajus,CE
776,Pacaj?,PA
2484,Pacatuba,CE
2471,Pacoti,CE
2432,Pacuj?,CE
2147,Padre Bernardo,GO
3427,Padre Carvalho,MG
2373,Padre Marcos,PI
3623,Padre Para?so,MG
2396,Paes Landim,PI
3467,Pai Pedro,MG
3288,Paineiras,MG
599,Painel,SC
2317,Paje? do Piau?,PI
3046,Palestina,AL
792,Palestina do Par?,PA
2523,Palhano,CE
383,Palho?a,SC
520,Palma Sola,SC
3015,Palmares,PE
1727,Palmares do Sul,RS
311,Palmas,PR
1320,Palmas de Monte Alto,BA
232,Palmeira,PR
1730,Palmeira das Miss?es,RS
2309,Palmeira do Piau?,PI
3065,Palmeira dos ?ndios,AL
2268,Palmeirais,PI
868,Palmeirante,TO
1276,Palmeiras,BA
2193,Palmeiras de Goi?s,GO
862,Palmeiras do Tocantins,TO
908,Palmeir?ndia,MA
289,Palmital,PR
1735,Palmitinho,RS
491,Palmitos,SC
2472,Palm?cia,CE
3698,Palm?polis,MG
378,Palotina,PR
1737,Panambi,RS
17,Pancas,ES
2981,Panelas,PE
1653,Pantano Grande,RS
3289,Papagaios,MG
463,Papanduva,SC
125,Paracambi,RJ
3514,Paracatu,MG
2447,Paracuru,CE
801,Paragominas,PA
3658,Paragua?u,MG
3791,Paragua?u Paulista,SP
1032,Paraibano,MA
1418,Paraibuna,SP
2448,Paraipaba,CE
2504,Parambu,CE
1306,Paramirim,BA
2462,Paramoti,CE
358,Paranagu?,PR
3763,Paranapanema,SP
2971,Paranatama,PE
1988,Paranatinga,MT
150,Paranava?,PR
1898,Parana?ba,MS
1960,Parana?ta,MT
1934,Paranhos,MS
855,Paran?,TO
3584,Paraopeba,MG
3845,Parapu?,SP
2783,Parari,PB
1100,Paratinga,BA
122,Paraty,RJ
804,Parauapebas,PA
2647,Parazinho,RN
1738,Para?,RS
94,Para?ba do Sul,RJ
2163,Para?na,GO
500,Para?so,SC
1739,Para?so do Sul,RS
840,Para?so do Tocantins,TO
1708,Pareci Novo,RS
646,Parecis,RO
2643,Parelhas,RN
3038,Pariconha,AL
681,Parintins,AM
1198,Paripiranga,BA
3814,Pariquera-A?u,SP
2333,Parnagu?,PI
2886,Parnamirim,PE
2227,Parna?ba,PI
1740,Parob?,RS
3290,Par? de Minas,MG
2667,Passa e Fica,RN
3659,Passa Quatro,MG
1830,Passa Sete,RS
3300,Passa Tempo,MG
3505,Passab?m,MG
2668,Passagem,RN
1033,Passagem Franca,MA
2269,Passagem Franca do Piau?,PI
2951,Passira,PE
3103,Passo de Camaragibe,AL
550,Passo de Torres,SC
1762,Passo do Sobrado,RS
1741,Passo Fundo,RS
3524,Passos,MG
567,Passos Maia,SC
1034,Pastos Bons,MA
3465,Patis,MG
286,Pato Branco,PR
2737,Patos,PB
3207,Patos de Minas,MG
2376,Patos do Piau?,PI
3723,Patroc?nio,MG
126,Paty do Alferes,RJ
1405,Pau Brasil,BA
2600,Pau dos Ferros,RN
2994,Paudalho,PE
3762,Paula C?ndido,MG
326,Paula Freitas,PR
899,Paulino Neves,MA
2726,Paulista,PB
2378,Paulistana,PI
3735,Paulistas,MG
1089,Paulo Afonso,BA
1615,Paulo Bento,RS
327,Paulo Frontin,PR
3066,Paulo Jacinto,AL
388,Paulo Lopes,SC
941,Paulo Ramos,MA
1742,Paverama,RS
2302,Pavussu,PI
3605,Pav?o,MG
886,Pa?o do Lumiar,MA
2925,Pedra,PE
3697,Pedra Azul,MG
1433,Pedra Bela,SP
3556,Pedra Bonita,MG
2510,Pedra Branca,CE
3291,Pedra do Indai?,MG
2679,Pedra Grande,RN
2773,Pedra Lavrada,PB
3138,Pedra Mole,SE
2042,Pedra Preta,MT
1618,Pedras Altas,RS
2874,Pedras de Fogo,PB
3370,Pedras de Maria da Cruz,MG
399,Pedras Grandes,SC
3775,Pedregulho,SP
979,Pedreiras,MA
3184,Pedrinhas,SE
843,Pedro Afonso,TO
1175,Pedro Alexandre,BA
2627,Pedro Avelino,RN
23,Pedro Can?rio,ES
3849,Pedro de Toledo,SP
910,Pedro do Ros?rio,MA
2256,Pedro II,PI
3196,Pedro Leopoldo,MG
2854,Pedro R?gis,PB
2694,Pedro Velho,RN
1164,Pedr?o,BA
743,Peixe-Boi,PA
2049,Peixoto de Azevedo,MT
1490,Pelotas,RS
2566,Penaforte,CE
909,Penalva,MA
2586,Pend?ncias,RN
3117,Penedo,AL
2456,Pentecoste,CE
3783,Pen?polis,SP
3292,Pequi,MG
837,Pequizeiro,TO
3631,Perdizes,MG
3761,Perd?es,MG
3928,Pereira Barreto,SP
2532,Pereiro,CE
911,Peri Mirim,MA
3757,Periquito,MG
975,Peritor?,MA
160,Perobal,PR
3854,Peru?be,SP
579,Pescaria Brava,SC
2935,Pesqueira,PE
2915,Petrolina,PE
587,Petrol?ndia,SC
128,Petr?polis,RJ
3323,Pe?anha,MG
2746,Pianc?,PB
1277,Piat?,BA
3125,Pia?abu?u,AL
1480,Picada Caf?,RS
2342,Picos,PI
2774,Picu?,PB
3799,Piedade,SP
3224,Piedade de Caratinga,MG
3213,Piedade do Rio Grande,MG
3203,Piedade dos Gerais,MG
2864,Pilar,PB
2102,Pilar de Goi?s,GO
3860,Pilar do Sul,SP
2601,Pil?es,RN
2831,Pil?ezinhos,PB
1081,Pil?o Arcado,BA
635,Pimenta Bueno,RO
2280,Pimenteiras,PI
1414,Pindamonhangaba,SP
942,Pindar?-Mirim,MA
1321,Pinda?,BA
1107,Pindoba?u,BA
2477,Pindoretama,CE
1746,Pinhal,RS
1622,Pinhal da Serra,RS
1691,Pinhal Grande,RS
1434,Pinhalzinho,SP
116,Pinheiral,RJ
1736,Pinheirinho do Vale,RS
912,Pinheiro,MA
1747,Pinheiro Machado,RS
20,Pinheiros,ES
302,Pinh?o,PR
1165,Pintadas,BA
1535,Pinto Bandeira,RS
3377,Pint?polis,MG
2357,Pio IX,PI
981,Pio XII,MA
2511,Piquet Carneiro,CE
1416,Piracaia,SP
2172,Piracanjuba,GO
3301,Piracema,MG
3816,Piracicaba,SP
2229,Piracuruca,PI
3904,Piraju,SP
3913,Piraju?,SP
3170,Pirambu,SE
3715,Piranga,MG
3351,Pirangu?u,MG
3041,Piranhas,AL
923,Pirapemas,MA
1462,Pirapora do Bom Jesus,SP
3802,Pirapozinho,SP
1748,Pirap?,RS
349,Piraquara,PR
3774,Pirassununga,SP
1487,Piratini,RS
3909,Piratininga,SP
482,Piratuba,SC
115,Pira?,RJ
228,Pira? do Sul,PR
3678,Pira?ba,MG
2148,Piren?polis,GO
2438,Pires Ferreira,CE
2215,Piripiri,PI
1333,Pirip?,BA
1136,Piritiba,BA
2832,Pirpirituba,PB
290,Pitanga,PR
3293,Pitangui,MG
2875,Pitimbu,PB
841,Pium,TO
796,Pi?arra,PA
49,Pi?ma,ES
361,Pi?n,PR
2150,Planaltina,GO
1300,Planaltino,BA
263,Planalto,PR
659,Pl?cido de Castro,AC
2804,Pocinhos,PB
2031,Pocon?,MT
3235,Pocrane,MG
2727,Pombal,PB
3001,Pombos,PE
414,Pomerode,SC
3593,Pomp?u,MG
712,Ponta de Pedras,PA
233,Ponta Grossa,PR
1920,Ponta Por?,MS
370,Pontal do Paran?,PR
2173,Pontalina,GO
856,Ponte Alta do Bom Jesus,TO
3550,Ponte Nova,MG
1682,Ponte Preta,RS
568,Ponte Serrada,SC
2003,Pontes e Lacerda,MT
3383,Ponto Chique,MG
1137,Ponto Novo,BA
1650,Pont?o,RS
2439,Poranga,CE
2082,Porangatu,GO
77,Porci?ncula,RJ
2602,Portalegre,RN
2561,Porteiras,CE
3466,Porteirinha,MG
705,Portel,PA
2218,Porto,PI
1992,Porto Alegre do Norte,MT
2295,Porto Alegre do Piau?,PI
300,Porto Barreiro,PR
527,Porto Belo,SC
3100,Porto Calvo,AL
3134,Porto da Folha,SE
704,Porto de Moz,PA
3106,Porto de Pedras,AL
2583,Porto do Mangue,RN
1974,Porto dos Ga?chos,MT
2015,Porto Esperidi?o,MT
2006,Porto Estrela,MT
3840,Porto Feliz,SP
3558,Porto Firme,MG
1041,Porto Franco,MA
1750,Porto Lucena,RS
1884,Porto Murtinho,MS
844,Porto Nacional,TO
3126,Porto Real do Col?gio,AL
880,Porto Rico do Maranh?o,MA
1397,Porto Seguro,BA
574,Porto Uni?o,SC
608,Porto Velho,RO
1499,Porto Vera Cruz,RS
328,Porto Vit?ria,PR
650,Porto Walter,AC
1751,Porto Xavier,RS
1749,Port?o,RS
2133,Posse,GO
2549,Potengi,CE
1357,Potiragu?,BA
2533,Potiretama,CE
3606,Pot?,MG
3352,Pouso Alegre,MG
3660,Pouso Alto,MG
1752,Pouso Novo,RS
442,Pouso Redondo,SC
2035,Poxor?u,MT
2648,Po?o Branco,RN
2720,Po?o Dantas,PB
1527,Po?o das Antas,RS
3048,Po?o das Trincheiras,AL
2710,Po?o de Jos? de Moura,PB
3133,Po?o Redondo,SE
3150,Po?o Verde,SE
3538,Po?os de Caldas,MG
1351,Po??es,BA
2936,Po??o,PE
982,Po??o de Pedras,MA
3917,Pracinha,SP
806,Pracu?ba,AP
1398,Prado,BA
3567,Prados,MG
551,Praia Grande,SC
820,Praia Norte,TO
699,Prainha,PA
264,Pranchita,PR
2780,Prata,PB
3683,Presidente Bernardes,MG
477,Presidente Castello Branco,SC
1002,Presidente Dutra,MA
3895,Presidente Epit?cio,SP
674,Presidente Figueiredo,AM
437,Presidente Get?lio,SC
894,Presidente Juscelino,MA
1334,Presidente J?nio Quadros,BA
72,Presidente Kennedy,RJ
1678,Presidente Lucena,RS
619,Presidente M?dici,RO
439,Presidente Nereu,SC
3530,Presidente Oleg?rio,MG
3787,Presidente Prudente,SP
913,Presidente Sarney,MA
1364,Presidente Tancredo Neves,BA
924,Presidente Vargas,MA
3891,Presidente Venceslau,SP
744,Primavera,PA
636,Primavera de Rond?nia,RO
2033,Primavera do Leste,MT
901,Primeira Cruz,MA
2761,Princesa Isabel,PB
1753,Progresso,RS
3887,Promiss?o,SP
3162,Propri?,SE
318,Prudent?polis,PR
2680,Pureza,RN
1754,Putinga,RS
2836,Puxinan?,PB
1206,P? de Serra,BA
3047,P?o de A??car,AL
262,P?rola d'Oeste,PR
1755,Quara?,RS
745,Quatipuru,PA
146,Quatis,RJ
350,Quatro Barras,PR
1684,Quatro Irm?os,RS
3792,Quat?,SP
3067,Quebrangulo,AL
305,Quedas do Igua?u,PR
2380,Queimada Nova,PI
1183,Queimadas,BA
144,Queimados,RJ
1999,Quer?ncia,MT
151,Quer?ncia do Norte,PR
1689,Quevedos,RS
1184,Quijingue,BA
498,Quilombo,SC
1756,Quinze de Novembro,RS
3016,Quipap?,PE
2187,Quirin?polis,GO
92,Quissam?,RJ
362,Quitandinha,PR
2493,Quiterian?polis,CE
2738,Quixaba,PB
1138,Quixabeira,BA
2499,Quixad?,CE
2538,Quixel?,CE
2500,Quixeramobim,CE
2524,Quixer?,CE
2603,Rafael Fernandes,RN
2615,Rafael Godeiro,RN
1166,Rafael Jambeiro,BA
387,Rancho Queimado,SC
887,Raposa,MA
3736,Raposos,MG
3559,Raul Soares,MG
265,Realeza,PR
321,Rebou?as,PR
851,Recursol?ndia,TO
1757,Redentora,RS
794,Reden??o,PA
2310,Reden??o do Gurgu?ia,PI
3406,Reduto,MG
2270,Regenera??o,PI
3796,Registro,SP
1758,Relvado,RS
1082,Remanso,BA
2806,Rem?gio,PB
2440,Reriutaba,CE
117,Resende,RJ
3568,Resende Costa,MG
222,Reserva,PR
303,Reserva do Igua?u,PR
3318,Resplendor,MG
3215,Ressaquinha,MG
1759,Restinga S?ca,RS
1207,Retirol?ndia,BA
821,Riachinho,TO
2937,Riacho das Almas,PE
1322,Riacho de Santana,BA
2793,Riacho de Santo Ant?nio,PB
2708,Riacho dos Cavalos,PB
3468,Riacho dos Machados,MG
2334,Riacho Frio,PI
2670,Riachuelo,RN
1044,Riach?o,MA
1063,Riach?o das Neves,BA
2841,Riach?o do Bacamarte,PB
3154,Riach?o do Dantas,SE
1208,Riach?o do Jacu?pe,BA
2869,Riach?o do Po?o,PB
962,Ribamar Fiquene,MA
1901,Ribas do Rio Pardo,MS
3811,Ribeira,SP
1199,Ribeira do Amparo,BA
2384,Ribeira do Piau?,PI
1200,Ribeira do Pombal,BA
2285,Ribeiro Gon?alves,PI
3017,Ribeir?o,PE
3821,Ribeir?o Branco,SP
1993,Ribeir?o Cascalheira,MT
208,Ribeir?o Claro,PR
1358,Ribeir?o do Largo,BA
203,Ribeir?o do Pinhal,PR
3876,Ribeir?o Grande,SP
3734,Ribeir?o Vermelho,MG
3139,Ribeir?polis,SE
3204,Rio Acima,MG
322,Rio Azul,PR
30,Rio Bananal,ES
132,Rio Bonito,RJ
306,Rio Bonito do Igua?u,PR
660,Rio Branco,AC
183,Rio Branco do Iva?,PR
351,Rio Branco do Sul,PR
1921,Rio Brilhante,MS
118,Rio Claro,RJ
119,Rio das Flores,RJ
106,Rio das Ostras,RJ
1278,Rio de Contas,BA
1335,Rio do Ant?nio,BA
441,Rio do Campo,SC
2678,Rio do Fogo,RN
600,Rio do Oeste,SC
1307,Rio do Pires,BA
605,Rio do Sul,SC
419,Rio dos Cedros,SC
1715,Rio dos ?ndios,RS
3718,Rio Espera,MG
3018,Rio Formoso,PE
1760,Rio Grande,RS
2395,Rio Grande do Piau?,PI
3111,Rio Largo,AL
3197,Rio Manso,MG
595,Rio Negrinho,SC
363,Rio Negro,PR
3392,Rio Novo,MG
50,Rio Novo do Sul,ES
1761,Rio Pardo,RS
3435,Rio Pardo de Minas,MG
3394,Rio Preto,MG
675,Rio Preto da Eva,AM
1220,Rio Real,BA
456,Rio Rufino,SC
852,Rio Sono,TO
2860,Rio Tinto,PB
2159,Rio Verde,GO
3254,Rio Vermelho,MG
3914,Riol?ndia,SP
1492,Riozinho,RS
515,Riqueza,SC
3569,Rit?polis,MG
3798,Riversul,SP
1764,Roca Sales,RS
1766,Rodeio Bonito,RS
1090,Rodelas,BA
2604,Rodolfo Fernandes,RN
651,Rodrigues Alves,AC
1809,Rolador,RS
1479,Rolante,RS
645,Rolim de Moura,RO
508,Romel?ndia,SC
173,Roncador,PR
1767,Ronda Alta,RS
1768,Rondinha,RS
1949,Rondol?ndia,MT
161,Rondon,PR
2043,Rondon?polis,MT
1769,Roque Gonzales,RS
689,Rorain?polis,RR
3920,Rosana,SP
896,Ros?rio,MA
3489,Ros?rio da Limeira,MG
3175,Ros?rio do Catete,SE
193,Ros?rio do Iva?,PR
1770,Ros?rio do Sul,RS
2022,Ros?rio Oeste,MT
3120,Roteiro,AL
3437,Rubelita,MG
2103,Rubiataba,GO
3699,Rubim,MG
3831,Rubi?cea,SP
771,Rur?polis,PA
2525,Russas,CE
1150,Ruy Barbosa,BA
3205,Sabar?,MG
3333,Sabin?polis,MG
2505,Saboeiro,CE
3632,Sacramento,MG
1731,Sagrada Fam?lia,RS
2982,Sair?,PE
1411,Sales?polis,SP
440,Salete,SC
2766,Salgadinho,PB
3185,Salgado,SE
2846,Salgado de S?o F?lix,PB
276,Salgado Filho,PR
2887,Salgueiro,PE
3438,Salinas,MG
1242,Salinas da Margarida,BA
732,Salin?polis,PA
2550,Salitre,CE
2972,Salo?,PE
517,Saltinho,SC
3743,Salto da Divisa,MG
3890,Salto de Pirapora,SP
2017,Salto do C?u,MT
216,Salto do Itarar?,PR
1771,Salto do Jacu?,RS
278,Salto do Lontra,PR
1251,Salvador,BA
1584,Salvador das Miss?es,RS
1772,Salvador do Sul,RS
713,Salvaterra,PA
822,Sampaio,TO
1773,Sananduva,RS
2198,Sanclerl?ndia,GO
401,Sang?o,SC
2938,Sanhar?,PE
1465,Sant'Ana do Livramento,RS
204,Santa Am?lia,PR
1441,Santa Branca,SP
1176,Santa Br?gida,BA
3206,Santa B?rbara,MG
3229,Santa B?rbara do Leste,MG
3393,Santa B?rbara do Monte Verde,MG
720,Santa B?rbara do Par?,PA
1774,Santa B?rbara do Sul,RS
3737,Santa B?rbara do Tug?rio,MG
535,Santa Cec?lia,SC
195,Santa Cec?lia do Pav?o,PR
1658,Santa Cec?lia do Sul,RS
1695,Santa Clara do Sul,RS
2656,Santa Cruz,RN
1399,Santa Cruz Cabr?lia,BA
2898,Santa Cruz da Baixa Verde,PE
3871,Santa Cruz da Concei??o,SP
152,Santa Cruz de Monte Castelo,PR
3470,Santa Cruz de Salinas,MG
2943,Santa Cruz do Capibaribe,PE
3551,Santa Cruz do Escalvado,MG
2346,Santa Cruz do Piau?,PI
3795,Santa Cruz do Rio Pardo,SP
1763,Santa Cruz do Sul,RS
2056,Santa Cruz do Xingu,MT
2282,Santa Cruz dos Milagres,PI
2286,Santa Filomena,PI
3472,Santa F? de Minas,MG
832,Santa F? do Araguaia,TO
238,Santa Helena,PR
3611,Santa Helena de Minas,MG
944,Santa In?s,MA
1422,Santa Isabel,SP
266,Santa Izabel do Oeste,PR
723,Santa Izabel do Par?,PA
40,Santa Leopoldina,ES
2311,Santa Luz,PI
937,Santa Luzia,MA
643,Santa Luzia D'Oeste,RO
3191,Santa Luzia do Itanhy,SE
3112,Santa Luzia do Norte,AL
948,Santa Luzia do Paru?,MA
765,Santa Luzia do Par?,PA
251,Santa L?cia,PR
3409,Santa Margarida,MG
1797,Santa Margarida do Sul,RS
1482,Santa Maria,RS
2916,Santa Maria da Boa Vista,PE
1076,Santa Maria da Vit?ria,BA
798,Santa Maria das Barreiras,PA
3506,Santa Maria de Itabira,MG
41,Santa Maria de Jetib?,ES
2944,Santa Maria do Cambuc?,PE
1780,Santa Maria do Herval,RS
292,Santa Maria do Oeste,PR
746,Santa Maria do Par?,PA
3700,Santa Maria do Salto,MG
3334,Santa Maria do Sua?u?,MG
102,Santa Maria Madalena,RJ
205,Santa Mariana,PR
153,Santa M?nica,PR
2443,Santa Quit?ria,CE
1008,Santa Quit?ria do Maranh?o,MA
897,Santa Rita,MA
3542,Santa Rita de Caldas,MG
1070,Santa Rita de C?ssia,BA
3221,Santa Rita de Ibitipoca,MG
3230,Santa Rita de Minas,MG
3325,Santa Rita do Itueto,MG
2093,Santa Rita do Novo Destino,GO
1939,Santa Rita do Pardo,MS
3353,Santa Rita do Sapuca?,MG
2047,Santa Rita do Trivelato,MT
1782,Santa Rosa,RS
3531,Santa Rosa da Serra,MG
3166,Santa Rosa de Lima,SE
2348,Santa Rosa do Piau?,PI
544,Santa Rosa do Sul,SC
865,Santa Rosa do Tocantins,TO
42,Santa Teresa,ES
1168,Santa Teresinha,BA
1534,Santa Tereza,RS
2083,Santa Tereza de Goi?s,GO
252,Santa Tereza do Oeste,PR
853,Santa Tereza do Tocantins,TO
461,Santa Terezinha,SC
2084,Santa Terezinha de Goi?s,GO
516,Santa Terezinha do Progresso,SC
819,Santa Terezinha do Tocantins,TO
3721,Santa Vit?ria,MG
1783,Santa Vit?ria do Palmar,RS
1209,Santaluz,BA
809,Santana,AP
1781,Santana da Boa Vista,RS
3671,Santana da Vargem,MG
2753,Santana de Mangueira,PB
3585,Santana de Pirapama,MG
2433,Santana do Acara?,CE
799,Santana do Araguaia,PA
2562,Santana do Cariri,CE
3400,Santana do Deserto,MG
3049,Santana do Ipanema,AL
3410,Santana do Manhua?u,MG
1010,Santana do Maranh?o,MA
2632,Santana do Matos,RN
3083,Santana do Munda?,AL
2347,Santana do Piau?,PI
2644,Santana do Serid?,RN
3163,Santana do S?o Francisco,SE
2747,Santana dos Garrotes,PB
3739,Santana dos Montes,MG
1167,Santan?polis,BA
700,Santar?m,PA
747,Santar?m Novo,PA
1785,Santiago,RS
2019,Santo Afonso,MT
1243,Santo Amaro,BA
389,Santo Amaro da Imperatriz,SC
3176,Santo Amaro das Brotas,SE
2671,Santo Ant?nio,RN
1478,Santo Ant?nio da Patrulha,RS
209,Santo Ant?nio da Platina,PR
1790,Santo Ant?nio das Miss?es,RS
1244,Santo Ant?nio de Jesus,BA
2358,Santo Ant?nio de Lisboa,PI
3835,Santo Ant?nio de Posse,SP
84,Santo Ant?nio de P?dua,RJ
3570,Santo Ant?nio do Amparo,MG
3490,Santo Ant?nio do Aventureiro,MG
2152,Santo Ant?nio do Descoberto,GO
3263,Santo Ant?nio do Itamb?,MG
3701,Santo Ant?nio do Jacinto,MG
3935,Santo Ant?nio do Jardim,SP
2025,Santo Ant?nio do Leverger,MT
3294,Santo Ant?nio do Monte,MG
3469,Santo Ant?nio do Retiro,MG
279,Santo Ant?nio do Sudoeste,PR
725,Santo Ant?nio do Tau?,PA
983,Santo Ant?nio dos Lopes,MA
2271,Santo Ant?nio dos Milagres,PI
1791,Santo Augusto,RS
1792,Santo Cristo,RS
1169,Santo Est?v?o,BA
1554,Santo Expedito do Sul,RS
2382,Santo In?cio do Piau?,PI
1787,Santo ?ngelo,RS
3927,Santos,SP
3395,Santos Dumont,MG
1247,Sapea?u,BA
1970,Sapezal,MT
1820,Sapiranga,RS
213,Sapopema,PR
95,Sapucaia,RJ
1821,Sapucaia do Sul,RS
3354,Sapuca?-Mirim,MG
2867,Sap?,PB
112,Saquarema,RJ
176,Sarandi,PR
3892,Sarapu?,SP
3336,Sardo?,MG
3202,Sarzedo,MG
3113,Satuba,AL
980,Satubinha,MA
493,Saudades,SC
1139,Sa?de,BA
578,Schroeder,SC
1279,Seabra,BA
480,Seara,SC
2329,Sebasti?o Barros,PI
1323,Sebasti?o Laranjeiras,BA
2288,Sebasti?o Leal,PI
1822,Seberi,RS
1823,Segredo,RS
1824,Selbach,RS
1940,Selv?ria,MS
3557,Sem-Peixe,MG
654,Sena Madureira,AC
999,Senador Alexandre Costa,MA
2124,Senador Canedo,GO
3401,Senador Cortes,MG
2674,Senador El?i de Souza,RN
658,Senador Guiomard,AC
960,Senador La Rocque,MA
3264,Senador Modestino Gon?alves,MG
2512,Senador Pompeu,CE
3051,Senador Rui Palmeira,AL
1647,Senador Salgado Filho,RS
2434,Senador S?,CE
229,Seng?s,PR
1108,Senhor do Bonfim,BA
3716,Senhora de Oliveira,MG
3216,Senhora dos Rem?dios,MG
1582,Sentinela do Sul,RS
1083,Sento S?,BA
1825,Serafina Corr?a,RS
3560,Sericita,MG
629,Seringueiras,RO
134,Serop?dica,RJ
496,Serra Alta,SC
3912,Serra Azul,SP
3255,Serra Azul de Minas,MG
2785,Serra Branca,PB
2669,Serra Caiada,RN
2697,Serra do Mel,RN
1101,Serra do Ramalho,BA
3724,Serra do Salitre,MG
3624,Serra dos Aimor?s,MG
1077,Serra Dourada,BA
2755,Serra Grande,PB
3809,Serra Negra,SP
2638,Serra Negra do Norte,RN
1171,Serra Preta,BA
2837,Serra Redonda,PB
2900,Serra Talhada,PE
881,Serrano do Maranh?o,MA
2160,Serran?polis,GO
3434,Serran?polis de Minas,MG
2822,Serraria,PB
1210,Serrinha,BA
2613,Serrinha dos Pintos,RN
2889,Serrita,PE
3256,Serro,MG
1140,Serrol?ndia,BA
2910,Sert?nia,PE
1826,Sert?o,RS
1652,Sert?o Santana,RS
2827,Sert?ozinho,PB
3797,Sete Barras,SP
1648,Sete de Setembro,RS
3594,Sete Lagoas,MG
1935,Sete Quedas,MS
3603,Setubinha,MG
1827,Severiano de Almeida,RS
2606,Severiano Melo,RN
405,Sider?polis,SC
1895,Sidrol?ndia,MS
2259,Sigefredo Pacheco,PI
107,Silva Jardim,RJ
1828,Silveira Martins,RS
1464,Silveiras,SP
3679,Silveir?nia,MG
682,Silves,AM
2176,Silv?nia,GO
2134,Simol?ndia,GO
3412,Simon?sia,MG
2390,Simpl?cio Mendes,PI
2388,Sim?es,PI
1253,Sim?es Filho,BA
3151,Sim?o Dias,SE
3402,Sim?o Pereira,MG
1775,Sinimbu,RS
1984,Sinop,MT
218,Siqueira Campos,PR
3022,Sirinha?m,PE
3167,Siriri,SE
1084,Sobradinho,BA
2868,Sobrado,PB
2435,Sobral,CE
3337,Sobr?lia,MG
3769,Socorro,SP
2391,Socorro do Piau?,PI
1832,Soledade,RS
3662,Soledade de Minas,MG
2901,Solid?o,PE
2513,Solon?pole,CE
2809,Sol?nea,PB
545,Sombrio,SC
1891,Sonora,MS
29,Sooretama,ES
3829,Sorocaba,SP
1978,Sorriso,MT
2801,Soss?go,PB
714,Soure,PA
2730,Sousa,PB
1126,Souto Soares,BA
1037,Sucupira do Norte,MA
497,Sul Brasil,SC
3866,Sumar?,SP
101,Sumidouro,RJ
2786,Sum?,PB
2945,Surubim,PE
2341,Sussuapara,PI
1413,Suzano,SP
2414,S?o Benedito,CE
1017,S?o Benedito do Rio Preto,MA
3020,S?o Benedito do Sul,PE
914,S?o Bento,MA
2620,S?o Bento do Norte,RN
1440,S?o Bento do Sapuca?,SP
591,S?o Bento do Sul,SC
823,S?o Bento do Tocantins,TO
2657,S?o Bento do Trair?,RN
2939,S?o Bento do Una,PE
518,S?o Bernardino,SC
1011,S?o Bernardo,MA
1436,S?o Bernardo do Campo,SP
385,S?o Bonif?cio,SC
1793,S?o Borja,RS
2322,S?o Braz do Piau?,PI
3079,S?o Br?s,AL
734,S?o Caetano de Odivelas,PA
2940,S?o Caitano,PE
494,S?o Carlos,SC
3179,S?o Crist?v?o,SE
1064,S?o Desid?rio,BA
564,S?o Domingos,SC
3234,S?o Domingos das Dores,MG
791,S?o Domingos do Araguaia,PA
766,S?o Domingos do Capim,PA
1003,S?o Domingos do Maranh?o,MA
15,S?o Domingos do Norte,ES
3500,S?o Domingos do Prata,MG
1246,S?o Felipe,BA
2637,S?o Fernando,RN
86,S?o Fid?lis,RJ
2733,S?o Francisco,MG
1794,S?o Francisco de Assis,RS
2362,S?o Francisco de Assis do Piau?,PI
88,S?o Francisco de Itabapoana,RJ
1796,S?o Francisco de Paula,RS
951,S?o Francisco do Brej?o,MA
1252,S?o Francisco do Conde,BA
611,S?o Francisco do Guapor?,RO
1035,S?o Francisco do Maranh?o,MA
2605,S?o Francisco do Oeste,RN
748,S?o Francisco do Par?,PA
2303,S?o Francisco do Piau?,PI
426,S?o Francisco do Sul,SC
1245,S?o F?lix,BA
1047,S?o F?lix de Balsas,MA
1994,S?o F?lix do Araguaia,MT
2394,S?o F?lix do Piau?,PI
1125,S?o Gabriel,BA
9,S?o Gabriel da Palha,ES
1890,S?o Gabriel do Oeste,MS
795,S?o Geraldo do Araguaia,PA
3330,S?o Geraldo do Baixio,MG
145,S?o Gon?alo,RJ
3533,S?o Gon?alo do Abaet?,MG
2449,S?o Gon?alo do Amarante,CE
3295,S?o Gon?alo do Par?,MG
2272,S?o Gon?alo do Piau?,PI
3501,S?o Gon?alo do Rio Abaixo,MG
3672,S?o Gon?alo do Sapuca?,MG
1170,S?o Gon?alo dos Campos,BA
3534,S?o Gotardo,MG
1798,S?o Jer?nimo,RS
196,S?o Jer?nimo da Serra,PR
450,S?o Joaquim,SC
3745,S?o Joaquim de Bicas,MG
2983,S?o Joaquim do Monte,PE
1801,S?o Jorge,RS
280,S?o Jorge d'Oeste,PR
606,S?o Jos?,SC
3520,S?o Jos? da Barra,MG
217,S?o Jos? da Boa Vista,PR
3021,S?o Jos? da Coroa Grande,PE
2728,S?o Jos? da Lagoa Tapada,PB
3084,S?o Jos? da Laje,AL
3326,S?o Jos? da Safira,MG
3050,S?o Jos? da Tapera,AL
3302,S?o Jos? da Varginha,MG
1383,S?o Jos? da Vit?ria,BA
1732,S?o Jos? das Miss?es,RS
2754,S?o Jos? de Caiana,PB
2739,S?o Jos? de Espinharas,PB
2687,S?o Jos? de Mipibu,RN
2716,S?o Jos? de Piranhas,PB
2762,S?o Jos? de Princesa,PB
888,S?o Jos? de Ribamar,MA
81,S?o Jos? de Ub?,RJ
2888,S?o Jos? do Belmonte,PE
2740,S?o Jos? do Bonfim,PB
2702,S?o Jos? do Brejo do Cruz,PB
68,S?o Jos? do Cal?ado,ES
2658,S?o Jos? do Campestre,RN
511,S?o Jos? do Cedro,SC
448,S?o Jos? do Cerrito,SC
2231,S?o Jos? do Divino,PI
2899,S?o Jos? do Egito,PE
1802,S?o Jos? do Herval,RS
1803,S?o Jos? do Hort?ncio,RS
1854,S?o Jos? do Inhacor?,RS
3327,S?o Jos? do Jacuri,MG
3411,S?o Jos? do Mantimento,MG
1804,S?o Jos? do Norte,RS
1806,S?o Jos? do Ouro,RS
2352,S?o Jos? do Piau?,PI
2059,S?o Jos? do Povo,MT
2050,S?o Jos? do Rio Claro,MT
3770,S?o Jos? do Rio Pardo,SP
3915,S?o Jos? do Rio Preto,SP
2767,S?o Jos? do Sabugi,PB
2696,S?o Jos? do Serid?,RN
1709,S?o Jos? do Sul,RS
129,S?o Jos? do Vale do Rio Preto,RJ
2051,S?o Jos? do Xingu,MT
1539,S?o Jos? dos Ausentes,RS
1001,S?o Jos? dos Bas?lios,MA
2782,S?o Jos? dos Cordeiros,PB
352,S?o Jos? dos Pinhais,PR
2016,S?o Jos? dos Quatro Marcos,MT
2865,S?o Jos? dos Ramos,PB
287,S?o Jo?o,PR
556,S?o Jo?o Batista,SC
2092,S?o Jo?o d'Alian?a,GO
692,S?o Jo?o da Baliza,RR
87,S?o Jo?o da Barra,RJ
3870,S?o Jo?o da Boa Vista,SP
2351,S?o Jo?o da Canabrava,PI
2230,S?o Jo?o da Fronteira,PI
3452,S?o Jo?o da Lagoa,MG
733,S?o Jo?o da Ponta,PA
3473,S?o Jo?o da Ponte,MG
1800,S?o Jo?o da Urtiga,RS
2340,S?o Jo?o da Varjota,PI
3368,S?o Jo?o das Miss?es,MG
735,S?o Jo?o de Pirabas,PA
3563,S?o Jo?o del Rei,MG
793,S?o Jo?o do Araguaia,PA
2207,S?o Jo?o do Arraial,PI
2796,S?o Jo?o do Cariri,PB
939,S?o Jo?o do Car?,MA
428,S?o Jo?o do Itaperi?,SC
2526,S?o Jo?o do Jaguaribe,CE
3407,S?o Jo?o do Manhua?u,MG
3320,S?o Jo?o do Manteninha,MG
505,S?o Jo?o do Oeste,SC
3423,S?o Jo?o do Pacu?,MG
1051,S?o Jo?o do Para?so,MA
2386,S?o Jo?o do Piau?,PI
1628,S?o Jo?o do Pol?sine,RS
2709,S?o Jo?o do Rio do Peixe,PB
1025,S?o Jo?o do Soter,MA
549,S?o Jo?o do Sul,SC
2781,S?o Jo?o do Tigre,PB
331,S?o Jo?o do Triunfo,PR
1036,S?o Jo?o dos Patos,MA
3303,S?o Jo?o Evangelista,MG
3396,S?o Jo?o Nepomuceno,MG
2359,S?o Juli?o,PI
1807,S?o Leopoldo,RS
3032,S?o Louren?o da Mata,PE
1439,S?o Louren?o da Serra,SP
499,S?o Louren?o do Oeste,SC
2323,S?o Louren?o do Piau?,PI
1808,S?o Louren?o do Sul,RS
394,S?o Ludgero,SC
2350,S?o Luis do Piau?,PI
2104,S?o Luiz do Norte,GO
1810,S?o Luiz Gonzaga,RS
889,S?o Lu?s,MA
2117,S?o Lu?s de Montes Belos,GO
2457,S?o Lu?s do Curu,CE
1449,S?o Lu?s do Paraitinga,SP
3101,S?o Lu?s do Quitunde,AL
984,S?o Lu?s Gonzaga do Maranh?o,MA
2768,S?o Mamede,PB
3765,S?o Manuel,SP
1811,S?o Marcos,RS
581,S?o Martinho,SC
1778,S?o Martinho da Serra,RS
24,S?o Mateus,ES
985,S?o Mateus do Maranh?o,MA
332,S?o Mateus do Sul,PR
2594,S?o Miguel,RN
3801,S?o Miguel Arcanjo,SP
1301,S?o Miguel das Matas,BA
1812,S?o Miguel das Miss?es,RS
2866,S?o Miguel de Taipu,PB
3145,S?o Miguel do Aleixo,SE
3552,S?o Miguel do Anta,MG
2065,S?o Miguel do Araguaia,GO
2304,S?o Miguel do Fidalgo,PI
2683,S?o Miguel do Gostoso,RN
767,S?o Miguel do Guam?,PA
628,S?o Miguel do Guapor?,RO
259,S?o Miguel do Igua?u,PR
502,S?o Miguel do Oeste,SC
2175,S?o Miguel do Passa Quatro,GO
2257,S?o Miguel do Tapuio,PI
824,S?o Miguel do Tocantins,TO
3121,S?o Miguel dos Campos,AL
3107,S?o Miguel dos Milagres,AL
1813,S?o Nicolau,RS
1881,S?o Paulo das Miss?es,RS
2672,S?o Paulo do Potengi,RN
2673,S?o Pedro,RN
110,S?o Pedro da Aldeia,RJ
1529,S?o Pedro da Serra,RS
3575,S?o Pedro da Uni?o,MG
1053,S?o Pedro da ?gua Branca,MA
1733,S?o Pedro das Miss?es,RS
1585,S?o Pedro do Buti?,RS
239,S?o Pedro do Igua?u,PR
2273,S?o Pedro do Piau?,PI
3329,S?o Pedro do Sua?u?,MG
1814,S?o Pedro do Sul,RS
3875,S?o Pedro do Turvo,SP
3553,S?o Pedro dos Ferros,MG
2587,S?o Rafael,RN
1048,S?o Raimundo das Mangabeiras,MA
1054,S?o Raimundo do Doca Bezerra,MA
2324,S?o Raimundo Nonato,PI
968,S?o Roberto,MA
3441,S?o Rom?o,MG
1423,S?o Roque,SP
3525,S?o Roque de Minas,MG
43,S?o Roque do Cana?,ES
859,S?o Salvador do Tocantins,TO
3076,S?o Sebasti?o,AL
3365,S?o Sebasti?o da Bela Vista,MG
709,S?o Sebasti?o da Boa Vista,PA
3901,S?o Sebasti?o da Grama,SP
3495,S?o Sebasti?o da Vargem Alegre,MG
2815,S?o Sebasti?o de Lagoa de Ro?a,PB
103,S?o Sebasti?o do Alto,RJ
3239,S?o Sebasti?o do Anta,MG
1481,S?o Sebasti?o do Ca?,RS
3335,S?o Sebasti?o do Maranh?o,MG
3576,S?o Sebasti?o do Para?so,MG
1228,S?o Sebasti?o do Pass?,BA
1816,S?o Sep?,RS
3778,S?o Sim?o,SP
3661,S?o Thom? das Letras,MG
3571,S?o Tiago,MG
2659,S?o Tom?,RN
1818,S?o Valentim,RS
1493,S?o Val?rio do Sul,RS
2634,S?o Vicente,RN
2775,S?o Vicente do Serid?,PB
1819,S?o Vicente do Sul,RS
916,S?o Vicente Ferrer,MA
1880,S?rio,RS
2135,S?tio d'Abadia,GO
1406,S?tio do Mato,BA
1177,S?tio do Quinto,BA
993,S?tio Novo,MA
825,S?tio Novo do Tocantins,TO
1221,S?tiro Dias,BA
2052,Tabapor?,MT
1635,Taba?,RS
2902,Tabira,PE
1071,Tabocas do Brejo Velho,BA
2527,Tabuleiro do Norte,CE
2941,Tacaimb?,PE
2922,Tacaratu,PE
2811,Tacima,PB
1944,Tacuru,MS
857,Taguatinga,TO
757,Tail?ndia,PA
3475,Taiobeiras,MG
2681,Taipu,RN
435,Tai?,SC
863,Talism?,TO
3019,Tamandar?,PE
179,Tamarana,PR
3878,Tamba?,SP
2494,Tamboril,CE
2393,Tamboril do Piau?,PI
601,Tangar?,SC
2008,Tangar? da Serra,MT
140,Tangu?,RJ
1336,Tanha?u,BA
3068,Tanque d'Arca,AL
1265,Tanque Novo,BA
1172,Tanquinho,BA
1834,Tapejara,RS
1835,Tapera,RS
1365,Tapero?,BA
1836,Tapes,RS
159,Tapira,PR
1151,Tapiramut?,BA
3846,Tapiratiba,SP
1980,Tapurah,MT
1837,Taquara,RS
3077,Taquarana,AL
1838,Taquari,RS
3900,Taquaritinga,SP
2947,Taquaritinga do Norte,PE
3851,Taquarituba,SP
3861,Taquariva?,SP
653,Tarauac?,AC
2541,Tarrafas,CE
3236,Tarumirim,MG
3832,Tatu?,SP
1420,Taubat?,SP
2506,Tau?,CE
1839,Tavares,RS
2763,Teixeira,PB
1400,Teixeira de Freitas,BA
320,Teixeira Soares,PR
3554,Teixeiras,MG
622,Teixeir?polis,RO
2458,Teju?uoca,CE
3164,Telha,SE
224,Tel?maco Borba,PR
2607,Tenente Ananias,RN
2630,Tenente Laurentino Cruz,RN
1841,Tenente Portela,RS
3898,Teodoro Sampaio,SP
1212,Teofil?ndia,BA
1384,Teol?ndia,BA
3122,Teot?nio Vilela,AL
1896,Terenos,MS
2243,Teresina,PI
2189,Teresina de Goi?s,GO
130,Teres?polis,RJ
2973,Terezinha,PE
728,Terra Alta,PA
1843,Terra de Areia,RS
1229,Terra Nova,BA
1967,Terra Nova do Norte,MT
240,Terra Roxa,PR
2036,Tesouro,MT
1845,Teut?nia,RS
3607,Te?filo Otoni,MG
625,Theobroma,RO
2415,Tiangu?,CE
2570,Tibau,RN
2695,Tibau do Sul,RN
3893,Tiet?,SP
555,Tijucas,SC
364,Tijucas do Sul,PR
2995,Timba?ba,PE
418,Timb?,SC
543,Timb? do Sul,SC
536,Timb? Grande,SC
1028,Timon,MA
1661,Tio Hugo,RS
3564,Tiradentes,MG
1856,Tiradentes do Sul,RS
3529,Tiros,MG
3152,Tobias Barreto,SE
826,Tocantin?polis,TO
846,Tocant?nia,TO
3356,Tocos do Moji,MG
372,Toledo,PR
3186,Tomar do Geru,SE
219,Tomazina,PR
758,Tom?-A?u,PA
2948,Toritama,PE
2037,Torixor?u,MT
1815,Toropi,RS
1471,Torres,RS
3842,Torrinha,SP
2682,Touros,RN
739,Tracuateua,PA
2996,Tracunha?m,PE
3080,Traipu,AL
2446,Trairi,CE
104,Trajano de Moraes,RJ
1851,Tramanda?,RS
1337,Tremedal,BA
1452,Trememb?,SP
398,Treze de Maio,SC
2125,Trindade,GO
1859,Trindade do Sul,RS
1860,Triunfo,RS
2577,Triunfo Potiguar,RN
978,Trizidela do Vale,MA
603,Trombudo Central,SC
1852,Tr?s Arroios,RS
571,Tr?s Barras,SC
253,Tr?s Barras do Paran?,PR
1849,Tr?s Cachoeiras,RS
3673,Tr?s Cora??es,MG
1853,Tr?s de Maio,RS
1847,Tr?s Forquilhas,RS
1902,Tr?s Lagoas,MS
3595,Tr?s Marias,MG
1855,Tr?s Palmeiras,RS
1857,Tr?s Passos,RS
3674,Tr?s Pontas,MG
96,Tr?s Rios,RJ
390,Tubar?o,SC
1185,Tucano,BA
805,Tucuru?,PA
943,Tufil?ndia,MA
1446,Tuiuti,SP
3338,Tumiritinga,MG
1862,Tunas,RS
353,Tunas do Paran?,PR
162,Tuneiras do Oeste,PR
994,Tuntum,MA
506,Tun?polis,SC
3640,Tupaciguara,MG
2926,Tupanatinga,PE
1805,Tupanci do Sul,RS
1864,Tupanciret?,RS
1865,Tupandi,RS
1866,Tuparendi,RS
2903,Tuparetama,PE
838,Tupiratins,TO
935,Turia?u,MA
936,Turil?ndia,MA
3257,Turmalina,MG
2451,Tururu,CE
1744,Turu?u,RS
2164,Turvel?ndia,GO
307,Turvo,PR
902,Tut?ia,MA
1186,Uau?,BA
2416,Ubajara,CE
3231,Ubaporanga,MG
1385,Ubat?,BA
3379,Uba?,MG
1302,Uba?ra,BA
3636,Uberaba,MG
3637,Uberl?ndia,MG
167,Ubirat?,PR
1562,Ubiretama,RS
3680,Ub?,MG
1127,Uiba?,BA
687,Uiramut?,RR
2197,Uirapuru,GO
2718,Uira?na,PB
785,Ulian?polis,PA
2545,Umari,CE
2616,Umarizal,RN
3187,Umba?ba,SE
1109,Umburanas,BA
3608,Umburatiba,MG
2850,Umbuzeiro,PB
2452,Umirim,CE
375,Umuarama,PR
1386,Una,BA
3517,Una?,MG
1784,Unistalda,RS
2238,Uni?o,PI
329,Uni?o da Vit?ria,PR
596,Uni?o do Oeste,SC
3085,Uni?o dos Palmares,AL
2579,Upanema,RN
1324,Urandi,BA
373,Ura?,PR
2085,Urua?u,GO
455,Urubici,SC
2453,Uruburetama,CE
3382,Urucuia,MG
678,Urucurituba,AM
1491,Uruguaiana,RS
2421,Uruoca,CE
451,Urupema,SC
626,Urup?,RO
410,Urussanga,SC
2178,Uruta?,GO
2287,Uru?u?,PI
1280,Utinga,BA
1867,Vacaria,RS
2004,Vale de S?o Domingos,MT
613,Vale do Anari,RO
1776,Vale do Sol,RS
1633,Vale Real,RS
1643,Vale Verde,RS
1213,Valente,BA
120,Valen?a,RJ
2283,Valen?a do Piau?,PI
3818,Valinhos,SP
2190,Valpara?so de Goi?s,GO
471,Vargem,SC
69,Vargem Alta,ES
3526,Vargem Bonita,MG
925,Vargem Grande,MA
3741,Vargem Grande do Rio Pardo,MG
569,Varge?o,SC
3663,Varginha,MG
2441,Varjota,CE
2165,Varj?o,GO
3532,Varj?o de Minas,MG
78,Varre-Sai,RJ
1248,Varzedo,BA
3385,Varzel?ndia,MG
127,Vassouras,RJ
3518,Vazante,MG
37,Venda Nova do Imigrante,ES
2593,Venha-Ver,RN
225,Ventania,PR
2927,Venturosa,PE
1718,Ven?ncio Aires,RS
2058,Vera,MT
1254,Vera Cruz,BA
2367,Vera Mendes,PI
1872,Veran?polis,RS
2890,Verdejante,PE
3386,Verdel?ndia,MG
1401,Vereda,BA
3265,Veredinha,MG
2949,Vertente do L?rio,PE
2950,Vertentes,PE
281,Ver?,PR
1476,Viam?o,RS
2179,Vian?polis,GO
1874,Vicente Dutra,RS
1922,Vicentina,MS
1875,Victor Graeff,RS
2997,Vic?ncia,PE
542,Vidal Ramos,SC
534,Videira,SC
3496,Vieiras,MG
2729,Vieir?polis,PB
736,Vigia,PA
2053,Vila Bela da Sant?ssima Trindade,MT
2153,Vila Boa,GO
1876,Vila Maria,RS
2374,Vila Nova do Piau?,PI
1817,Vila Nova do Sul,RS
8,Vila Pav?o,ES
2149,Vila Prop?cio,GO
10,Vila Val?rio,ES
3855,Vinhedo,SP
3609,Virgem da Lapa,MG
3339,Virgin?polis,MG
3664,Virg?nia,MG
3681,Visconde do Rio Branco,MG
1877,Vista Alegre,RS
1878,Vista Ga?cha,RS
2722,Vista Serrana,PB
434,Vitor Meireles,SC
1056,Vitorino Freire,MA
1788,Vit?ria das Miss?es,RS
3002,Vit?ria de Santo Ant?o,PE
1055,Vit?ria do Mearim,MA
3086,Vi?osa,AL
2417,Vi?osa do Cear?,CE
3491,Volta Grande,MG
3782,Votuporanga,SP
2676,V?rzea,RN
2542,V?rzea Alegre,CE
2325,V?rzea Branca,PI
3476,V?rzea da Palma,MG
1141,V?rzea do Po?o,BA
2027,V?rzea Grande,MT
1142,V?rzea Nova,BA
2345,Wall Ferraz,PI
869,Wanderl?ndia,TO
220,Wenceslau Braz,PR
1668,Westf?lia,RS
560,Xanxer?,SC
661,Xapuri,AC
484,Xavantina,SC
563,Xaxim,SC
3003,Xex?u,PE
694,?bidos,PA
786,?gua Azul do Norte,PA
1995,?gua Boa,MT
2260,?gua Branca,PI
1899,?gua Clara,MS
466,?gua Doce,SC
1006,?gua Doce do Maranh?o,MA
1,?gua Doce do Norte,ES
1152,?gua Fria,BA
2137,?gua Fria de Goi?s,GO
3004,?gua Preta,PE
1488,?gua Santa,RS
2923,?guas Belas,PE
3784,?guas da Prata,SP
490,?guas de Chapec?,SC
3610,?guas Formosas,MG
598,?guas Frias,SC
2151,?guas Lindas de Goi?s,GO
386,?guas Mornas,SC
3684,?guas Vermelhas,MG
5,?guia Branca,ES
3858,?leo,SP
1303,?rico Cardoso,BA
1520,?urea,RS
